,reg_IC50,reg_CC50,reg_SI,clf_IC50,clf_CC50,clf_SI,clf_SI_gt_8,MI_avg
MaxAbsEStateIndex,0.1550862361342844,0.43009240857014186,0.11741085014178099,0.029907433074771284,0.06305007869923118,0.05429601803645889,0.045047736085714885,0.12784153724891192
MaxEStateIndex,0.1544122399444925,0.42965023251886336,0.11788578517576687,0.0330621563303215,0.06310682826135827,0.05314630557184796,0.046411053176350414,0.12823922871128585
MinAbsEStateIndex,0.018126624541822345,0.1619595214400622,0.10852677902267782,0.016501746333729805,0.055115846129970114,0.012498611902793222,0.025961120763257073,0.05695575001918751
MinEStateIndex,0.1271363308471658,0.4101121835168713,0.10110692360599494,0.05491176501917261,0.06814918431503636,0.03658157024800124,0.03451874265741406,0.11893095717280804
qed,0.11406689137258796,0.36036155833956673,0.07255065965531404,0.07124242378220869,0.046129932089806536,0.05353854286375048,0.07015205257600865,0.11257743723989187
SPS,0.10060777701843016,0.47039152359149483,0.0448331662393775,0.07748944868713825,0.0652026497879783,0.02204416897460848,0.023793089859973415,0.11490883202271442
MolWt,0.2566348117480661,1.0550585600180638,0.04139006262818423,0.024527959771120766,0.0819460642933707,0.014496922560162107,0.03261697175157274,0.21523876468150577
HeavyAtomMolWt,0.21623932849433425,0.8826796631733784,0.04827319904179861,0.040661710891575886,0.06791964729655575,0.03301105754953304,0.026004370709876046,0.1878269967367217
ExactMolWt,0.2575128397652051,1.068330947676822,0.0454683344493767,0.0406349115595801,0.07881876575360147,0.021936673218774683,0.05437881228717112,0.2238687549586473
NumValenceElectrons,0.16715347900563682,0.6427407397370821,0.06625072728365256,0.006258993167883586,0.007985928783474261,0.05390410337120688,0.024641544385793024,0.1384193593906756
MaxPartialCharge,0.19765208263052347,0.5286867596578273,0.13175198148097023,0.10970354642993851,0.16443592775996563,0.0808328858069638,0.08042726218549379,0.18478434942166896
MinPartialCharge,0.12769307370715977,0.5005632350334723,0.12060372039593759,0.11798658814254437,0.1865646652773174,0.08917805729800254,0.07335478052640787,0.17370630291154884
MaxAbsPartialCharge,0.16353277991421322,0.5336724922370579,0.15191644148338446,0.1081158395057753,0.1843711715181875,0.07932711883170018,0.0681269660149102,0.1841518299293184
MinAbsPartialCharge,0.2042531152064342,0.5385028947436061,0.1062382501796062,0.1181499688370593,0.14940470255869687,0.057027293829945425,0.051407709187803796,0.174997704934736
FpDensityMorgan1,0.07169269184919624,0.2976801123266837,0.03485011717413533,0.013178565686550847,0.006930616287083691,0.014499895876466606,0.02185977492600788,0.06581311058944632
FpDensityMorgan2,0.09412872532430017,0.3697565841304491,0.09038046388139298,0.04029066902829892,0.04061358638320378,0.024288415112078132,0.016072046636598225,0.09650435578518876
FpDensityMorgan3,0.1343450366056902,0.28802988646516203,0.1174327870207712,0.06530233832363597,0.04452504222304854,0.0585888714814915,0.02534753504452114,0.10479592816633151
BCUT2D_MWHI,0.08744748582807915,0.30375844114365025,0.087689781316858,0.10079419451100691,0.15132532189933046,0.08120199694911712,0.08063467719623052,0.1275502712634675
BCUT2D_MWLOW,0.12304708036786938,0.4547351998992597,0.13811292495904937,0.09406351323129414,0.12914174311142435,0.06592558675555726,0.08794364956179201,0.15613852826946376
BCUT2D_CHGHI,0.12263607288328249,0.4497562775831385,0.11176299927102651,0.08237951215589234,0.1125179971050807,0.0657413939688507,0.08520078435851342,0.1471421481893978
BCUT2D_CHGLO,0.18634767074298608,0.505630704668842,0.15958872467188012,0.11138814347412662,0.1483652144140737,0.09034850593665156,0.0884838286209988,0.18430754178993697
BCUT2D_LOGPHI,0.14856024161767722,0.40826887947339463,0.18344856062962966,0.06797336728138115,0.09845251420582413,0.07487013888245042,0.10328311135413015,0.15497954477778392
BCUT2D_LOGPLOW,0.15620802693235936,0.4878525331191028,0.13267527359724474,0.09620516547242253,0.12567751722375853,0.031345862274933856,0.059776750386065336,0.15567730414369815
BCUT2D_MRHI,0.15176902630185785,0.42892981395602625,0.1281900574134789,0.08526361571773844,0.14146206827056385,0.07261557065774005,0.05950594811137555,0.15253372863268297
BCUT2D_MRLOW,0.14305269115270702,0.527074109356445,0.1433321704576067,0.0992572027762777,0.14366507394612293,0.06611693461703516,0.05310593332937841,0.16794344509079615
AvgIpc,0.16410491007905037,0.4403452168969393,0.11289537854942377,0.05214688934263734,0.09055409824713401,0.05998530362980725,0.03829853380433579,0.13690433293561827
BalabanJ,0.15270161465898324,0.4417266331027423,0.010422089952441649,0.03489164004251566,0.0682367219051423,0.04802215708523816,0.027473285281463422,0.11192487743264667
BertzCT,0.09293841318747065,0.4936011880070543,0.06420879301238758,0.029639477297987993,0.029097956057225982,0.06349783070894333,0.03592456779360509,0.11555831800923928
Chi0,0.19889561160692493,0.7510611123561115,0.05694756028011927,0.08677613697214204,0.05911535728376105,0.054482737325222796,0.04000277111403627,0.17818304099118826
Chi0n,0.1701023132310011,0.5999559657687503,0.09243126418729863,0.03562935344655904,0.06044310888546911,0.020900892547367045,0.03879156304167819,0.1454649230154462
Chi0v,0.16064887519175208,0.6427963656029494,0.050992028237088594,0.017766365578723242,0.051195890066234595,0.0,0.020981307016753048,0.13491154738478586
Chi1,0.1551157352673811,0.6554997352644274,0.05260631697545337,0.06698829724557487,0.05996178858597512,0.007850414145960105,0.03162294398824361,0.14709217592471652
Chi1n,0.09699469056670385,0.4938462484998172,0.09377218867900972,0.04245309841253664,0.037137447555570136,0.04112174593388862,0.07310015487586452,0.1254893677890558
Chi1v,0.09975319719382858,0.5591363386600752,0.08797303247556254,0.03734445059171332,0.05156478753808069,0.05899228863715744,0.08723928383417556,0.14028619699008477
Chi2n,0.10188215468539763,0.3734327994041595,0.025252278131310923,0.04499541446530664,0.07289409178984885,0.04319497234267766,0.06470147670502513,0.10376474107481805
Chi2v,0.12672631531654144,0.39961883025857325,0.048808647094778834,0.0067406323590846196,0.05097332164069557,0.02289690462334515,0.036048510971995906,0.09883045175214497
Chi3n,0.08626216439754497,0.34581212571066233,0.09402705637209952,0.023974333568684836,0.06250747583269711,0.03061563440418369,0.0,0.09188554146941035
Chi3v,0.11277333821753865,0.38038955858480517,0.060727502334152916,0.03376211942892504,0.06333899179173796,0.009456067562461978,0.0075259235304714345,0.09542478592144188
Chi4n,0.1488102342841131,0.2707659948073573,0.03256248651278826,0.01578145543507059,0.031774448429782165,0.021649981957384767,0.022748279370996993,0.07772755439964188
Chi4v,0.1244883914331929,0.3143738798825009,0.034469024295948,0.023684259907458483,0.049521503448473725,0.0,0.0,0.07807672270965342
HallKierAlpha,0.1273213247210463,0.43935658111353026,0.03468884021730467,0.0778923411515895,0.1044135785932423,0.06884597419357075,0.07188097051730091,0.13205708721536924
Ipc,0.008111068081202433,0.1397019925870424,0.006157219574999262,0.05130754989572672,0.050492168812279026,0.016896715555493547,0.03344836495258563,0.043730725637047003
Kappa1,0.18856899888078127,0.6237563972588931,0.07004382995471392,0.03787793209684431,0.06033920363459111,0.06270110757386793,0.04343216178905762,0.15524566159839276
Kappa2,0.1722030327981776,0.5296149325907518,0.03931023795797195,0.041581001497529746,0.061984449043289924,0.01941886480514321,0.021469117929044046,0.12651166237455833
Kappa3,0.09560883809986898,0.48908009025474897,0.07476612762308532,0.037559672786716236,0.038722626941323,0.044612953354206786,0.02424458608910629,0.11494212787843651
LabuteASA,0.17102680472078235,0.6955387005022411,0.06724918770697519,0.033742046692797345,0.05764278093387931,0.020898509435789636,0.03370489081514938,0.15425756011537348
PEOE_VSA1,0.1111392197781309,0.3732675387070903,0.07503957165573283,0.07311362044961545,0.13476798384173505,0.042738520434262295,0.061321547601730364,0.12448400035261388
PEOE_VSA10,0.08493140313355374,0.19154583369654876,0.0714749827312291,0.025646412673144603,0.024467316541082473,0.01856943866295313,0.03878311227941822,0.06505978567399
PEOE_VSA11,0.04643357881507004,0.24163040494933252,0.04729525996284156,0.013381247344419256,0.04707217186045187,0.02666247005800293,0.02486545078407243,0.06390579768202723
PEOE_VSA12,0.05904228039084014,0.23261343012305846,0.07549070417459713,0.008179202564960963,0.0263527550736653,0.028529781161305,0.02148789148175756,0.06452800642431208
PEOE_VSA13,0.04403285365774523,0.11697613123410888,0.03517257648182559,0.0035166713001566485,0.002306121498809155,0.031109692784670573,0.022403713608240006,0.03650253722365087
PEOE_VSA14,0.11550414438807755,0.19212697617791297,0.06999519938193055,0.005957538240225713,0.002271775655553032,0.013839938282319553,0.0056707446940773565,0.05790947383144239
PEOE_VSA2,0.11644692498508302,0.3018868898005871,0.10217280142877927,0.04260694523463315,0.04326666829625947,0.07303956288936608,0.054645958091224855,0.10486653581799042
PEOE_VSA3,0.06687472493293756,0.23933989139527734,0.04805863319606729,0.0,0.019402061559652184,0.0,0.012829992288087455,0.05521504333886026
PEOE_VSA4,0.024192033845971128,0.12914156433416246,0.04838248680906698,0.0,0.0038960924280113662,0.0,0.0,0.02937316820245885
PEOE_VSA5,0.03241101820687753,0.09162772311759437,0.028183653556191013,0.0,0.0,0.0,0.0,0.021746056411523274
PEOE_VSA6,0.05921652575526082,0.2868767047204557,0.07561222162319092,0.058012054203180785,0.09502377772798587,0.04504647647332205,0.040833962032317705,0.09437453179081626
PEOE_VSA7,0.08761497808760677,0.31185009035842626,0.057808264763138606,0.06996625282972735,0.08524559127321374,0.02810229566783029,0.0314158754024676,0.09600047834034438
PEOE_VSA8,0.08785470271608942,0.33837400789627115,0.06253818279263967,0.06051462928419582,0.10587932444316661,0.04192910058369459,0.05148905114715241,0.10693985698045852
PEOE_VSA9,0.10435435055107689,0.2776285772715834,0.07093894929583389,0.07275187346928691,0.0973451631134945,0.04836645181398902,0.017454924472575906,0.09840575571254864
SMR_VSA1,0.12599722734266594,0.3687538709778777,0.09602539495128237,0.06445010504596071,0.07835470337584605,0.05736883296084838,0.06225026416946511,0.12188577126056375
SMR_VSA10,0.05590859347726873,0.376389874215167,0.07246994411356189,0.05265418107226294,0.07516723822978122,0.023359072565761307,0.03008173712907536,0.09800437725755407
SMR_VSA2,0.002104605818091354,0.0,0.0,0.015242052268500172,0.021099297781511206,0.00983479088983974,0.0019079933045600406,0.00716982000892893
SMR_VSA3,0.0864151939297777,0.2291792608733063,0.06748676103462703,0.016179463687761908,0.05257152455404035,0.024696015479362732,0.026099463798219036,0.0718039547652993
SMR_VSA4,0.12281609601300492,0.32642846394515024,0.13624282131454502,0.044313635150969644,0.07819785324500406,0.05837041976057522,0.047025692207369074,0.11619928309094545
SMR_VSA5,0.08127284211726593,0.3512605161612594,0.1168910234914482,0.09629608126593325,0.11701212137425032,0.051868230519224845,0.08313947194315463,0.12824861241036237
SMR_VSA6,0.07678857149816976,0.3713291394744367,0.06864174645885646,0.04636437680803329,0.08355425599429411,0.023283086963836963,0.04936574604192301,0.10276098903422147
SMR_VSA7,0.07083582397481258,0.3450246446390399,0.02686751669764087,0.07238482056468487,0.03540379597922505,0.06883572347642564,0.05425415412167167,0.0962294970647858
SMR_VSA9,0.05584005695715755,0.20082010053013333,0.04607143066646824,0.03305401932010099,0.001459287494508521,0.0069760903073887714,0.01593702493577509,0.051451144315933214
SlogP_VSA1,0.06764258921663213,0.36047795149176753,0.0616331323180197,0.04819978917308121,0.05610233152055111,0.03090027728529554,0.03282661046995994,0.09396895449647245
SlogP_VSA10,0.08360844908035592,0.22878247605211932,0.05194461702472841,0.016049797810522515,0.05142516084739612,0.028081738108877596,0.01517369795617296,0.06786656241145327
SlogP_VSA11,0.05398371187324469,0.17365893525904075,0.02406689642244908,0.025986228194748273,0.0,0.010794551608255931,0.03153701278234533,0.04571819087715486
SlogP_VSA12,0.02845242410880089,0.12081743392532251,0.013186007197389937,0.02567248765956376,0.023252939193061817,0.01945994125991124,0.0,0.03297731904915002
SlogP_VSA2,0.09333776952790496,0.4282551688470182,0.09713760188123866,0.09228668176206978,0.13750443489346664,0.04822224824953647,0.06485764311984243,0.13737164975443958
SlogP_VSA3,0.15469296664633658,0.3360166166610048,0.04716413647113882,0.04531305715907563,0.07368164719730896,0.017768878550880718,0.01982089984768165,0.09920831464763245
SlogP_VSA4,0.16295986584055688,0.2983380774902251,0.11967112248735878,0.034844162063867534,0.09301476934039443,0.03204071312948242,0.020300047548982292,0.1087383939858382
SlogP_VSA5,0.11033522766710346,0.43348114196972576,0.12180764081255768,0.09226510617494665,0.10985755987136203,0.058286539787701486,0.0581046817433204,0.14059112828953108
SlogP_VSA6,0.05653441633541867,0.39985433966071593,0.09902643927460009,0.06211085924819071,0.09512145450039045,0.05276887262324381,0.0710970949954084,0.11950192523399543
SlogP_VSA7,0.00421973193144165,0.020245595169710473,0.005405682467665374,0.020908234759639654,0.0,0.0002404018363815208,0.026105685804743928,0.011017904567083228
SlogP_VSA8,0.022775204330256926,0.21998311296381767,0.04665462255141639,0.013015527311279529,0.03287903324980812,0.010398058209505345,0.0010722487729202257,0.049539686769857746
TPSA,0.07233935184421592,0.3297261655308903,0.0034505052900688504,0.101566741607102,0.12950875255660566,0.07372361121234872,0.06562595087203915,0.11084872555903866
EState_VSA1,0.04023461843230258,0.19022561825536455,0.08193231700770465,0.07674549105002271,0.06276239835703779,0.025143222272488996,0.017699184455241213,0.0706775499757375
EState_VSA10,0.15336408182092276,0.2752782234376281,0.07425039348846374,0.05067458915882184,0.08111575920131409,0.038539790214785485,0.03948009929945662,0.10181470523162751
EState_VSA11,0.007448686882179256,0.012321373067430086,0.006061759636596831,0.0,0.0,0.0,0.0,0.003690259940886596
EState_VSA2,0.08291136471503568,0.27792048522377266,0.09297580760388469,0.0582412137973376,0.06777640666124851,0.047430910729161724,0.031074399692911925,0.09404722691762182
EState_VSA3,0.05260322452127042,0.3696669130804269,0.0765368453399855,0.059602505346646684,0.0628962569585807,0.04948045159149528,0.05285043472464701,0.10337666165186464
EState_VSA4,0.046345157300715645,0.3010520243895125,0.05577069578688487,0.06279809121454916,0.05896420753030318,0.051575197280332885,0.047272521924111466,0.08911112791805853
EState_VSA5,0.08201144638357905,0.2208219477408564,0.034892264757643066,0.07460116642954406,0.06188384896707344,0.02217234560846104,0.025126133846404608,0.0745013076762231
EState_VSA6,0.07014161249606188,0.16307578872202377,0.0687968485533248,0.038412259158498774,0.02219804656351987,0.0017124803103609754,0.024107893980969797,0.055492132826394265
EState_VSA7,0.015346284319322834,0.15635002739728465,0.056520833162787554,0.019903364745839758,0.02023274478243975,0.011451129596206311,0.03222739657764495,0.04457596865450369
EState_VSA8,0.09655746864334036,0.3407806747693236,0.08659765886594784,0.06377491073123998,0.08579386219810159,0.039471257634111634,0.061204196521818854,0.11059714705198341
EState_VSA9,0.11129698686201062,0.39789292127069453,0.069957425119898,0.04217311271859536,0.08400771683961561,0.08073267452311006,0.05021470581551579,0.11946793473563429
VSA_EState1,0.10625541133342997,0.31718688916115934,0.0934120142492616,0.049367805125322795,0.08777130795949573,0.01998964372743739,0.05238775321308897,0.10376726068131369
VSA_EState10,0.028746878045986524,0.10431244057006128,0.02271977961152505,0.0,0.028799510602225853,0.0,0.0,0.026368372689971244
VSA_EState2,0.1345304674953507,0.44932690078494497,0.06231919818024689,0.042298995764513014,0.06256579211008018,0.046952302791001266,0.07034867017234903,0.12404890389978372
VSA_EState3,0.12283310840537176,0.29447756314124307,0.06033945379529859,0.09192618901434702,0.07790737818291493,0.04323629169457166,0.02879307328127645,0.10278757964500336
VSA_EState4,0.13231161253356882,0.3071945128366478,0.09774025495040473,0.0025080754566682018,0.04672539506456719,0.05200126987143161,0.0625432605442362,0.10014634017964637
VSA_EState5,0.08171826800651161,0.3370971835505383,0.09610444305458721,0.029351406828142856,0.050405933891483734,0.05315291316741377,0.04967695021378549,0.09964387124463757
VSA_EState6,0.10287626702300301,0.23799690179013488,0.018171893345456436,0.03482226305112812,0.02588258533138088,0.03232989271630271,0.04845610905843101,0.07150513033083386
VSA_EState7,0.0872383133289869,0.3401304748509424,0.10128948430578877,0.044675695542018445,0.08627371702012332,0.027454695537704188,0.029945052674170247,0.10242963332281918
VSA_EState8,0.1706431647951212,0.40719809662444906,0.09037808009271942,0.08292443847188369,0.08417086603497159,0.024292872514466435,0.023798764070363854,0.1262008975148536
VSA_EState9,0.0629527613788261,0.15093465651722293,0.05502093803095898,0.006712078864829163,0.02189792117673517,0.0,0.03737881487278627,0.04784245297733695
FractionCSP3,0.0795829790728626,0.3719699443023292,0.0768677951112906,0.03339835185361428,0.04420583794285693,0.03181543062293635,0.048732710437769944,0.09808186419195142
HeavyAtomCount,0.1848912953126809,0.6528257160031954,0.02301665848570167,0.03582085583263095,0.013169108770622273,0.02247400583850001,0.019755624627958213,0.13599332355304133
NHOHCount,0.07231694408127076,0.1615502910308888,0.04071443068445335,0.032360549748498446,0.03437135144658998,0.007887581137199895,0.011909412669606656,0.051587222971215416
NOCount,0.09006526191435649,0.28764541782207154,0.03597715761892406,0.032300893411128184,0.03550576921888715,0.03107107776647977,0.05158977005984622,0.08059362111595621
NumAliphaticCarbocycles,0.08689825401908369,0.1710334964438749,0.0807737613519457,0.011500468671808761,0.038280670858035215,0.06333106597888238,0.015817341437927235,0.06680500839450827
NumAliphaticHeterocycles,0.06701790876251312,0.19007424700470787,0.03337918105500037,0.0,0.0,0.018943514778481996,0.048998237763703045,0.05120186990920091
NumAliphaticRings,0.09837275739815343,0.22412457116871343,0.09121370290410669,0.0,0.015719110468488173,0.013877827768646656,0.008544613602392781,0.0645503690443573
NumAromaticCarbocycles,0.06453533812414092,0.1617900615563448,0.033347446443173556,0.006925338159717853,0.0,0.0,1.5774514461330824e-05,0.03808770839969121
NumAromaticHeterocycles,0.01804867264844412,0.13768035160123415,0.025509601905875368,0.025801376199047876,0.022725000286876407,0.018513637929951532,0.020078806275560135,0.03833677812099851
NumAromaticRings,0.05982544651362165,0.22846611016189433,0.028964878093773017,0.013994635159800595,0.0,0.003881977873546827,0.013442507008678772,0.04979650783018789
NumHAcceptors,0.09634356822909096,0.2906350818568839,0.015409271770780997,0.027778900922730054,0.006525263314683061,0.04281732577548247,0.01072991958770908,0.07003419020819436
NumHDonors,0.03330078084323107,0.142153048850997,0.024750313478576036,0.045778769604779335,0.030156671062112617,0.013260597903423488,0.008214321361084354,0.04251635758631484
NumHeteroatoms,0.06049229105717391,0.31686129025685483,0.08036609945626783,0.007905031132279694,0.023991649003442195,0.008453086295580503,0.01233454729067418,0.07291485635603902
NumRotatableBonds,0.06268163615892686,0.26780029786321347,0.05308289017755019,0.02862225139083363,0.008716060693719552,0.0,0.016840295323239607,0.06253477594392619
NumSaturatedCarbocycles,0.04858076524513999,0.11522155287125391,0.07470887134217419,0.0,0.023099887224165006,0.0,0.0,0.037373010954676156
NumSaturatedHeterocycles,0.07546594135383211,0.14839101028272617,0.07732683178789701,0.011956123492536497,0.07422748915268085,0.0,0.0,0.05533819943852466
NumSaturatedRings,0.059397780996909955,0.16019120669287412,0.025750128144654827,0.0,0.0029713271085254345,0.0,0.0005131081443454644,0.0355462215839014
RingCount,0.08910867019519042,0.3091655956347057,0.04708738718887595,0.0,0.016622489917868633,0.002833008148613647,0.0,0.06640245015503633
MolLogP,0.13137148214351768,0.3233383746068341,0.08368873899688811,0.0442385914795127,0.0544699411754177,0.014386705647727815,0.02277307492588454,0.09632384413939753
MolMR,0.09587022278357082,0.5721258883078821,0.006191909292448727,0.03008789864087902,0.05074856911301362,0.03968831945020446,0.03656794828925225,0.11875439369675014
fr_Al_COO,0.014181595344230802,0.05465216448324339,0.019299560215934486,0.0,0.018197020541496522,0.0002207704454093573,0.0,0.015221587290044938
fr_Al_OH,0.04975278094264102,0.09479446942766856,0.008527788080441967,0.014274457397198459,0.0023556986012169823,0.026448284503225006,0.01069080900784214,0.02954918399431916
fr_Al_OH_noTert,0.0330135878366431,0.04999581406147202,0.021197818841582672,0.0,0.014596265067824854,0.015048133165823208,0.017515856169837862,0.021623925020454817
fr_ArN,0.0,0.00792145245763376,0.0,0.0116935432876204,0.0,0.01860720761355794,0.012927415265564068,0.007307088374910882
fr_Ar_COO,0.0,0.0,0.00950517647044058,0.0,0.0,0.0,0.00416741778707852,0.001953227751074157
fr_Ar_N,0.0684371252250644,0.1211716374945846,0.006083553277860254,0.0,0.0,0.0,0.0038958040256396043,0.02851258857473555
fr_Ar_NH,0.027840955992182614,0.01497658604505303,0.0039053737840617497,0.007319852098249813,0.013141786157182311,0.0,0.0,0.009597793439532789
fr_Ar_OH,0.05010638918244403,0.07237211254272946,0.0009255906604128672,0.027574672078005236,0.023608947883895448,0.0,0.0,0.02494110176392672
fr_COO,0.011849971705540696,0.051261550226817,0.0151296999812367,0.0,0.0,0.0,0.004311656428675592,0.011793268334609999
fr_COO2,0.011849971705540696,0.051261550226817,0.001946772176655509,0.0,0.015182816285757461,0.0,0.0,0.011463015770681524
fr_C_O,0.04626443666234081,0.17713376356325972,0.01125200078649824,0.0,0.009798824284301677,0.03892782606973366,0.036232776059857974,0.04565851820371315
fr_C_O_noCOO,0.040639458999153,0.17949903172483261,0.018126804767216953,0.01374687968632049,0.01663317661376551,0.001967298296712938,0.0,0.03865895001257164
fr_C_S,0.01441285913624668,0.04954414460551826,0.013742462981979564,0.01699824543216555,0.008717258625816404,0.029483309386278078,0.046305342842233754,0.025600517572891186
fr_HOCCN,0.0,2.220446049250313e-16,0.022864584808059307,0.0,0.019915018182180333,0.0,0.0,0.006111371855748552
fr_Imine,0.023838154990524885,0.03414056309151836,0.03018773595906632,0.0037338035439034023,0.02589235972104298,0.027141823370994578,0.003111000872430658,0.021149348792783025
fr_NH0,0.05834521216782207,0.23135660666055724,0.049382730346346104,0.0,0.028225648109644785,0.008296736365619228,0.008043226282274496,0.05480716570460913
fr_NH1,0.04528586920707456,0.1203604952338706,0.0,0.0,0.013178391315774363,0.010105307484375103,0.011319258709957536,0.02860704599300745
fr_NH2,0.02949831709635764,0.06393950361594336,0.027883713915634045,0.012379397371578005,0.013557949677345471,0.0016702236985914887,0.0035251484405403044,0.021779179116570044
fr_Ndealkylation1,0.018416491061103324,0.05967595694402017,0.018964370546541653,0.0,0.001130215866804507,0.0,0.0162884341520948,0.016353638367223495
fr_Ndealkylation2,0.01692723742463964,0.07077241332651418,0.00726064558903694,0.006165180253614011,0.0,0.0,0.0,0.014446496656257826
fr_Nhpyrrole,0.027840955992182614,0.01497658604505303,0.008215782973753916,0.0,0.0,0.004563604489819184,0.010933190985857433,0.009504302926666597
fr_aldehyde,0.0,0.0007511701164379936,0.0040717140505615035,0.0,0.005705195211070935,0.0,0.0,0.0015040113397243474
fr_alkyl_carbamate,0.023829993883715206,0.029638606553884284,0.0,0.0,0.018161418446074995,0.0,0.007352505528368747,0.011283217773149033
fr_alkyl_halide,0.028015713929720132,0.05054852837951951,0.011026991777219441,0.022868765168242655,0.04895011559631124,0.0,0.0,0.023058587835858995
fr_allylic_oxid,0.05713037911954455,0.08970732114710556,0.02113916345183875,0.01641879648218314,0.04575096860416683,0.0,0.013650622782491073,0.03482817879818999
fr_amide,0.011946757460822521,0.10434159980991775,0.027432855575609816,0.03247669235517647,0.029799818313959614,0.030239220227520347,0.0008485014444827854,0.03386934931249847
fr_amidine,0.0024408151724091276,0.003216074348042497,0.0018354906101272217,0.016445538316916863,0.0,0.0051810487550105755,0.024561031433223413,0.007668571233675671
fr_aniline,0.0,0.1453127131780798,0.0,0.0010816373850648375,0.006893764194701779,0.003808719930667781,0.019919823158067285,0.02528809397808307
fr_aryl_methyl,0.017856230388542782,0.021946851967494574,0.0021375137014769674,0.0,0.004988845802648356,0.008544678084996482,0.014956089795239658,0.010061458534342689
fr_azo,0.0,0.0,0.0032430868197184104,0.0071739244380655265,0.0,0.0,0.0,0.0014881444653977052
fr_benzene,0.06453533812414092,0.16247322108194595,0.02692576289223947,0.04065486154283948,0.0,0.009235857660297109,0.020326353557758026,0.04630734212274585
fr_bicyclic,0.09183634752417369,0.22341525936983242,0.07702938118726754,0.025192132173564863,0.010347660839006956,0.026395966506647994,0.03260696038454203,0.06954624399786222
fr_epoxide,0.0,0.0,0.012392042782492396,0.0,0.0,0.0,0.0,0.0017702918260703423
fr_ester,0.03988377932520848,0.07147788084443385,0.012322204023340833,0.014881791958357038,0.0,0.02977219591388658,0.013707633758257787,0.02600649797478351
fr_ether,0.0670575406178675,0.17685393687121564,0.0486792181148048,0.02570961290767615,0.014516707103182869,0.05821793972362621,0.02305706273596675,0.05915600258204856
fr_furan,0.0025853086743405918,0.012459886444201151,0.0038501228588243563,0.0,0.02486014157189942,0.0,0.0029176456460293654,0.006667586456470698
fr_guanido,0.0,0.0,0.0,0.013720191309636531,0.02473528726599361,0.007326971094964385,0.02071832640389437,0.009500110867784128
fr_halogen,0.019222278131294512,0.07371083749842922,0.041323503109576665,0.0,0.020336905496753266,0.0,0.0,0.022084789176579096
fr_hdrzine,0.0,0.000372395287367544,0.0,0.007364388110784548,0.020396032818851717,0.010867889190722346,0.014668005851804278,0.00766695875136149
fr_hdrzone,0.002759950158030433,0.05919156356737587,0.003516634869290103,0.015048156985796313,0.0,0.005510331335986329,0.0029527281987964393,0.012711337873610784
fr_imidazole,0.019968313033694063,0.06354576939621115,0.020687872731514956,0.013809242423618029,0.012174455988358535,0.0,0.0,0.018597950510485246
fr_imide,0.005973351549726003,0.024046785883867994,0.0,0.014228285369558558,0.0,0.011474587483650822,0.017401541898158346,0.010446364597851674
fr_ketone,0.04870609689112837,0.11164301079136019,0.01623458907853248,0.018671951645152784,0.01365193366854034,0.0,0.004728618319783884,0.030519457199214006
fr_ketone_Topliss,0.04192785669919341,0.0922170506369262,0.004528511521252332,0.0,0.0259159267424931,0.0,0.0,0.023512763657123577
fr_lactone,0.029294946026767743,0.07642601499925106,0.0444976214583197,0.0,0.0,0.0,0.0,0.021459797497762643
fr_methoxy,0.020063492810289185,0.0908199446376119,0.0428677683040406,0.0021889022987719997,0.0,0.0,0.0,0.022277158292959096
fr_morpholine,0.0,0.07431188097629216,0.006572654895786512,0.020422327272495044,0.0,0.00045526363917991475,0.006967786042302748,0.015532844689436625
fr_nitrile,0.001823750931788437,0.002340328177840023,0.0026684604218432106,0.0,0.0023113010440387605,0.0,0.0,0.001306262939358633
fr_nitro,0.007572733960092393,0.019394830351378456,0.005901216774902407,0.0,0.010577235175562194,0.0,0.011252285534806505,0.00781404311382028
fr_nitro_arom,0.002533904768838524,0.02078367098045797,0.0,0.019452094680465715,0.02143786000345549,0.0308401465994268,0.026209421055429782,0.01732244258401061
fr_nitro_arom_nonortho,0.0027625331656323526,0.01883604638578895,0.00810422272079192,0.007095281830655997,0.0,0.02034935016766881,0.022793256092663805,0.011420098623314548
fr_oxazole,0.0014747049377128452,0.001013740840873134,0.0,0.0,0.0,0.0,0.0,0.0003554922540837113
fr_oxime,0.0,0.0,0.0,0.00818214361019809,0.0,0.0,0.004355643372381479,0.0017911124260827954
fr_para_hydroxylation,0.01793525971886778,0.003212370662085462,0.06726581743904525,0.030158615103491382,0.008843966200401399,0.0,0.0,0.01820228987484161
fr_phenol,0.042180503950214554,0.07445911533630567,0.013325843559306438,0.0,0.02939041242082574,0.0,0.0,0.0227651250380932
fr_phenol_noOrthoHbond,0.04286834564798303,0.07445911533630567,0.006566471982710986,0.02333866906433535,0.03027464365576016,0.0038113052112529466,0.004201498128378667,0.02650286414667526
fr_piperdine,0.01337102886720487,0.04742858864627619,0.01977269968275186,0.0,0.0,0.0059599052759666815,0.0,0.012361746067457087
fr_piperzine,0.0,0.002633291396787918,0.01673521149084145,0.009787542224625856,0.013068341551444318,0.002968751512347767,0.008307124802406252,0.007642894711207652
fr_priamide,0.0018375097434979448,0.036477494768670016,0.0075993946429566694,0.0,0.0,0.0,0.0,0.006559199879303519
fr_pyridine,0.011671540507912637,0.006076639878821677,0.01806641890076155,0.0020511355096555217,0.015876140559117458,0.0,0.0,0.007677410765181263
fr_quatN,0.022246271197637668,0.045004503599956225,0.010333634321852081,0.003998620094737726,0.0,0.0,0.017752101683228494,0.014190732985344599
fr_sulfide,0.016641908061105992,0.01318844960639698,0.015209322713172213,0.0,0.0,0.0032245993007191665,0.009696789088119218,0.008280152681359081
fr_sulfonamd,0.012955220445453164,0.0034598692149852006,0.0,0.024313414189749416,0.0,0.0006518032509612581,0.0009553192013398437,0.006047946614641269
fr_sulfone,0.0,0.0016901766388032202,0.0,0.0,0.0,0.0,0.0022662157784423265,0.0005651989167493639
fr_term_acetylene,3.3306690738754696e-16,3.3306690738754696e-16,0.0,0.0,0.020889797415988953,0.011650574768098831,0.007331607005215401,0.005695997027043408
fr_tetrazole,0.0,0.0,0.0,0.0,0.008180588356038632,0.0,0.0,0.0011686554794340903
fr_thiazole,0.02117058552969131,0.08327087190812321,0.019352743606816825,0.0,0.030885890161891583,0.0,0.0,0.022097155886646132
fr_thiophene,0.004140750943254501,0.024793648139660007,0.0022223240987970794,0.0,0.0,0.0,0.0,0.004450960454530227
fr_unbrch_alkane,0.01339320586699455,0.01300066943079492,0.008937611625795538,0.02940685274487942,0.010272007255309523,0.009973304257663296,0.020804794185835362,0.015112635052467516
fr_urea,0.001647810949353512,0.009787849005271854,0.0,0.0,0.023861541936830433,0.010875218204823511,0.0,0.006596060013754187
EState_Delta,0.11290425852892039,0.47224892738411706,0.10612409406670187,0.05163297350574059,0.09699956140766619,0.058791079269966406,0.04423631180762344,0.13470531513867656
HAcceptors_to_HDonors_Ratio,0.05727914064549866,0.2475512184483799,0.027901612715823365,0.016553646748987738,0.06722891290658595,0.05226813275024278,0.013079044421140162,0.06883738694809408
MolLogP_sq,0.13652191740714192,0.3237880200176928,0.05226403121514123,0.03427999886398192,0.05423832535324302,0.0,0.010609860699225315,0.08738602193663232
MolWt_x_TPSA,0.09869543036869022,0.4261393836443421,0.0038907816383635385,0.05175195004209643,0.08590991726051,0.04218544912137445,0.04502888416339479,0.10765739946268164
