MolWt,MaxPartialCharge,BCUT2D_CHGLO
0.2867979342077342,-1.5247067436632935,0.0238304338570515
0.3185752548779773,-1.7256555184238522,-0.2823789723022266
0.7766667694209387,-1.0915043835007043,-0.7719634156844479
0.3973486477596939,-1.5247068141313918,0.025002111554141
0.9335436463904804,-1.3384923550358805,0.0301967578598635
-0.124297508123754,-1.3384923550358805,0.0309479805445681
1.4234124816036848,-0.8022918361406651,-0.7283076776576751
2.733438831258403,-0.0777546853726029,-1.1605944262491017
3.2696338298891843,-0.0439000306172954,-1.1590916112775278
0.949085530408764,-0.8415947838551255,0.0303611060129278
-0.1087556241054705,-0.8415947850064985,0.0311843832500699
-0.1552472944015432,-1.1771812656580511,-1.2654935963612233
0.9808628510790076,-0.8416185688296978,-0.2877692532730966
0.3970018714428552,-0.0774064030019822,-1.1613484642446867
0.5154969151623764,-0.0761547925176661,-1.161837767074007
0.5396766819818971,-1.706199102540564,-0.5070780861764894
0.429125968429937,-1.7256555184242557,-0.2790390406797354
0.6502273955338577,-1.7061991025409688,-0.5011950917924853
0.3995002371800742,0.5679832626932486,-1.1082321456231126
-1.552684919739217,-1.7001273435596558,-1.186412954077402
-1.552684919739217,-1.7511060311524,-1.0721250602853625
-0.3528625073196179,-1.2198093020150729,-1.354037478185511
0.017281804505276,-0.2556024157998018,-0.8635083819286689
0.1274857417403978,-0.2556024157973477,-0.8502426283491115
0.1274857417403978,-0.2556024157973477,-0.8502426283491115
0.1274857417403978,-0.2556024157973477,-0.8502426283491115
0.1274857417403978,-0.2556024157973477,-0.8502426283491115
-0.014495516164967,-0.2556023912639297,-0.4722330401671423
-0.9462992420684544,1.6984245360861012,2.713593861746076
-0.8202066444982109,1.698424626372163,2.7132415248908277
-0.8357485285164946,1.6984245361265535,2.7077278454778515
-0.7096559309462521,1.6984246264150908,2.70229983527961
0.4110069058751522,-0.3715176431225421,0.4260760089398671
0.4110069058751522,-0.3715176431225421,0.4260760089398671
-0.0469663894688862,-0.2211363730252073,0.4294324900355967
-0.0469663894688862,-0.2211363730252073,0.4294324900355967
0.5683251345206695,-0.0030331358807576,0.4301256608264537
0.8840886148414281,-0.0039636151837343,0.4300712489167336
1.26924676492942,-0.0039825903548501,0.4300870457307072
1.4603993283064238,-0.2509215997223867,0.4260404976363297
1.3655402430913828,-0.250921599722804,0.4260405408347646
0.2867979342077342,-1.5247067436632935,0.0238304338570515
-0.0448542064481461,-1.511063465447574,0.013524708346849
0.5078993613116536,-1.5247068144007023,0.0256378411139719
0.3973486477596939,-1.5247068141313918,0.025002111554141
0.9335436463904804,-1.3384923550358805,0.0301967578598635
0.949085530408764,-0.8415947838551255,0.0303611060129278
0.9501022155194944,-1.5247068144011982,0.0264850998166731
0.9804924309223858,0.5430199681280968,0.0278084498327974
-1.2054908950650538,-1.3404733697890543,0.0295772577670445
-1.2054908950650538,-1.3404733697890543,0.0295772577670445
-0.7710432203065012,-1.4260221154130783,0.0207290527610688
-0.9921446474104209,-1.4262044562079987,0.0241554617533541
-0.8582968703908918,0.6512361278587943,-0.1985959991152081
-0.6525481765869799,-1.064753176627341,-0.0144189199746002
-0.5419974630350198,-1.0632132052552297,-0.0905385996946294
1.7554192798563302,-1.0631533300314304,-0.2094208180409347
1.755419279856331,-1.063153330734382,-0.17438351183185
2.0235167791717217,-1.017218692227378,-0.1902517113101015
2.0870714205122085,-1.063153330735678,-0.1602655085631296
2.0870714205122085,-1.063153330735678,-0.1602655085631296
2.1976221340641686,-1.063153330735678,-0.154980124557324
2.308172847616128,-1.063153330735678,-0.1525128441201616
0.9804924309223858,0.5430199681280968,0.0278084498327974
0.655232008288222,-0.0039748988743045,0.4300935168163639
1.484043168090832,-0.3715175828667395,0.4170185484829838
1.3581239586790077,-0.3321630973644088,0.012940341242456
1.3581239586790077,-0.3321630973644088,0.012940341242456
1.629594645803643,-0.3321630969770684,0.0129397550183228
1.629594645803643,-0.3321630969770684,0.0129397550183228
1.5947672698012114,-0.3321454228034275,0.0129333637339705
0.9635634416367492,-0.3226556714393423,0.3378055744185543
0.8533595044016278,-0.3226556714393423,0.3520643672625911
0.6402024074652682,-0.3226554390495885,0.3272059873833127
0.7507531210172288,-0.3226554390495235,0.2765338384270748
0.9635634416367492,-0.3226556714393423,0.3378055744185543
0.6402024074652682,-0.3226554390495885,0.3272059873833127
-0.8202066444982109,1.698424626372163,2.7132415248908277
-0.6469603491179317,0.1150918706406706,-0.06781161066175
-0.6469603491179317,0.1150918706406706,-0.06781161066175
-0.7730529466881748,0.1150918706406706,-0.06781161066175
1.7554192798563302,-1.0631533300314304,-0.2094208180409347
-0.7398018266713712,0.9735757460952268,-0.209127990170125
-1.1896022347299322,-1.3953422899144825,-0.2664699801706029
-1.1896022347299322,-1.3953422899144825,-0.2664699801706029
-0.8736496036909002,-1.0678306995518938,0.0166200646504851
-1.5449297402899314,-0.7097810949233535,0.2457834075839648
-1.5449297402899314,-0.7097810949233535,0.2457834075839648
-1.5449297402899314,-0.7097810949233535,0.2457834075839648
-1.5449297402899314,-0.7485741917517602,0.1663192919943374
2.0235167791717217,-1.017218692227378,-0.1902517113101015
-0.9921446474104209,-1.4262044562079987,0.0241554617533541
2.1976221340641686,-1.063153330735678,-0.154980124557324
-0.5759342544055726,0.6236468819942071,-0.1863965935699222
-0.7710432203065012,-1.5247067636024871,0.0266462660229238
-0.7710432203065012,-1.5247067636024871,0.0266462660229238
2.0870714205122085,-1.063153330735678,-0.1602655085631296
-0.6525481765869799,-1.064753176627341,-0.0144189199746002
-0.7710432203065012,-1.4260221154130783,0.0207290527610688
2.308172847616128,-1.063153330735678,-0.1525128441201616
-1.5449297402899314,-0.7485741917517602,0.1663192919943374
-1.5449297402899314,-0.7097810949233535,0.2457834075839648
-0.8736496036909002,-1.0678306995518938,0.0166200646504851
-0.8736496036909002,-1.0678306995518938,0.0166200646504851
-0.5419974630350198,-1.0632132052552297,-0.0905385996946294
-0.6525481765869799,-1.064753176627341,-0.0144189199746002
-0.7630988901389396,-1.2077569215024777,0.0228661485272861
-0.7630988901389396,-1.2077569215024777,0.0228661485272861
1.738104107854215,0.5746899394168462,-0.9553005220789098
-0.7398018266713712,0.9735757460952268,-0.209127990170125
-0.7398018266713712,0.9735757460952268,-0.209127990170125
-0.4317935257998975,-1.0337946769554012,-0.1518634341449081
-0.9843894679611342,-1.4542835655084636,0.0271441139018281
-1.0790515211779732,-1.4827520344577798,-0.2721992957220462
-0.8738387544091746,-1.4921154815416993,0.0267346138759775
-1.094940181513094,-1.4784652082819647,0.0276048269348879
-0.857950094074053,-1.492118014793713,-0.2745408711451025
0.0812383911220984,-1.1058862783645418,0.003008109691773
-1.2210327790833384,-1.5267414742416991,0.0282132683809389
-1.2369214394184591,-1.438048126527351,0.0267951623408845
-0.842384566215985,-1.330818418509007,0.0268924069989962
-0.8345978616469867,-1.319196726193591,0.0273561270335441
-0.731833852664026,-1.4934207899329286,0.026622739871054
-0.2585472304196178,-0.5829896778857926,0.0264506334196521
-0.8268426821977013,-0.9333554085955164,0.0315080388694991
-0.5502885695194178,-1.3658615085317625,0.0221480701142025
-1.2054908950650538,-0.1485421016489021,-0.2457216120586909
-0.9921446474104209,-1.4262044562079987,0.0241554617533541
-0.8815939338584602,-1.515277923670039,0.0257318100553977
-0.4317935257998975,-1.0337946769554012,-0.1518634341449081
-0.1797738375379013,0.7318403039914826,0.0283784048518306
-1.4265923221689734,-1.3318673593658208,0.0793609376914757
-0.5667525632892951,-0.924776786825129,-0.7692693492113882
-0.330109252167091,-0.908962194269739,-0.7698457547548878
-0.0934659410448872,-0.5822404694727225,-0.7709552550807266
0.1431773700773159,-0.2556024157327379,-0.7722503790414682
0.1431773700773159,-0.8066397895909999,-0.7805400459782695
0.1431773700773159,-0.5563415967805904,-0.7763457016226772
-0.2952818761646603,-0.9247767864030474,-0.7697775910681863
-0.3109735045015784,-1.0412764113323263,-0.8482092515639926
-0.212118610362971,0.2566415070556062,-0.7686065368881397
-0.2278102386998892,0.2566415069948817,-0.8471264814002939
-0.4249683373821326,-0.8752904149438056,-0.7693446142392175
-0.4406599657190507,-0.8752904150036549,-0.847811506155266
-0.6615643608247668,-0.8022900609350222,-0.8108004998310226
-0.7717682980598889,-0.8023115968954815,-0.8248660772620549
-0.645131892174604,-1.091864934690966,-0.8441993092025389
-0.4243772413875216,-1.0412709635589883,-0.8386936720857976
-0.4243772413875216,-1.0412709794174664,-0.8310018765117644
-0.4243772413875216,-1.0412709794174664,-0.8310018765117644
0.0868735062707143,-1.0412709792450752,-0.8304604323766597
0.0868735062707139,-1.0412709792417372,-0.8304679631806273
-0.5345811786226443,-1.0898035903450651,-0.8521824140026659
-0.5345811786226443,-1.0917829884589765,-0.8447096503032745
-0.0233304309644074,-1.0915425032840564,-0.844179990189514
-0.0233304309644074,-1.0915339388593726,-0.844187535889893
-0.0233304309644074,-1.0915339388593726,-0.844187535889893
-0.8268426821977013,-0.7363676276155051,0.0307059826960707
-1.1104820655313778,-1.524785076510429,0.0271675978883786
-1.2213795554001765,-1.3404734102698543,-0.9130370772831788
-0.8427313425328238,-0.7363676673127696,-0.9089268062626146
-0.4081496860154908,0.9737822058033772,-0.2730180743032522
-0.9686190268249348,-0.4025120697083789,0.0463542817189154
-1.0952554327102195,0.7452770356085837,0.0494797591624019
-0.5425333900701333,-0.1485408085972077,-1.3674174749664345
-0.5425333900701333,-0.1485408085972077,-1.3674174749664345
-0.6686259876403765,-0.1469681545320579,-1.4822279629666142
-0.6686259876403765,-0.1467431424501802,-1.7023830388730083
-1.5367962594040951,-1.7472859693590486,-0.1371556419909542
-1.5367962594040951,-1.7472859693590486,-0.1371556419909542
1.722593748955643,-0.0902618099346828,-1.0289754719492803
-0.2426349262447118,-1.052353257693746,-0.0107336604745964
-0.2426349262447118,-1.052353257693746,-0.0107336604745964
-0.8345978616469867,-0.9968966512615528,0.258663688222095
-0.8345978616469867,-0.952835028793274,0.7426212313331739
0.1995679279631273,-1.4803105695523784,-1.197966596444739
0.3256605255333704,-0.8667798026343204,-1.1979609011039292
-0.4948437652249837,-1.8410568279356512,-1.206051593532624
-0.4948437652249837,-1.8410568279356512,-1.206051593532624
-0.8504865219821085,-0.9967176184629648,0.3629428184465501
-0.6057412550937826,-0.9089697489069286,0.0267414579104902
-0.7398018266713712,0.9735757460952268,-0.209127990170125
-0.495308760740744,-0.8199466884116458,0.0317380647183622
-0.4794516255253349,0.1582091129560822,0.3388236560648658
-0.9843894679611352,-1.3658615786208694,0.117402324769977
-0.3528152196400502,-0.6593844759252685,0.3356757503938127
-0.8504865219821085,-0.9967176184629648,0.3629428184465501
0.1045827422692345,0.6220597498955475,-0.1902614082500373
-0.4872068049746203,-0.5413834424336349,0.3356688339909935
-0.2585472304196178,-0.5829896778857926,0.0264506334196521
-1.1104820655313778,-1.524785076510429,0.0271675978883786
-0.5269915060518494,0.6514156495432435,-0.2141816008374444
-1.703114909727543,-1.0235350076983571,3.1920263614641926
-1.8765818809458104,-0.7743993105474358,1.8124157231657656
-1.560818400625053,-0.752581609377119,-0.780414861532912
-1.2054908950650538,-1.3404733697890543,0.0295772577670445
-1.094940181513094,-1.3163388689056796,0.0282407118395532
-0.2182896525467005,-1.5152747211109467,0.0236680520307022
-0.7160949366475382,-1.0966884794481224,0.3642874042785718
-0.7314634325074028,-0.8642949652524197,0.331731404451843
-0.9052692987625808,-1.4392512918964286,-0.0209191127340372
-0.8741855307260126,0.5140071800736842,0.0284061998600934
0.4372279241960597,-1.5247068144011982,0.0266177801025167
-1.552684919739217,-1.5268427141884156,1.4251217244565535
-0.4948437652249837,-1.8410568279356512,-1.206051593532624
-0.4948437652249837,-1.8410568279356512,-1.206051593532624
-1.1030736623989303,0.7288020617989552,-0.1805393967571829
-0.8819722352950107,-1.0914691819734672,-1.146679245837352
0.0884970499359095,0.5543029268581379,-0.1930896136853477
0.0884970499359095,0.5468391037791877,-0.1922713064765955
-0.212118610362971,0.2566415070556062,-0.7686065368881397
0.1431773700773159,-0.8066397895909999,-0.7805400459782695
-0.330109252167091,-0.908962194269739,-0.7698457547548878
0.1431773700773159,-0.2556024157327379,-0.7722503790414682
-1.1341574304354975,-1.8477731259347576,-0.5957383223836729
-1.450614463389931,-0.5847503414496529,1.8339103347588217
-1.1341574304354982,-1.9547489524962596,-1.0630242358066193
-1.1341574304354982,-1.9547489524962596,-1.0630242358066193
-1.0080648328652548,-1.1130049328004232,-1.0694890048350827
-1.166250002302866,-0.997060027555049,1.8225974941727925
-0.6536515557769188,1.3952829027240117,1.300770366247151
-0.7642022693288785,1.395282902842284,0.9679582280148834
0.2219586442389609,1.3953681819025905,1.1946665520807664
0.3480512418092041,1.3953681819025905,0.5352382665363631
0.3325093577909206,1.3953681819025905,0.5460364339417387
-0.7645490456457166,1.3953656105209635,1.662148092799921
0.2219586442389609,1.3953681820616397,0.5629795421839285
0.0173054483450621,0.8007299691771298,-1.2592924159814318
-0.0932452652068984,0.800731493659053,-1.2592853069135914
-0.3302353526459395,0.8007299691772545,1.108277043076472
-0.645998832966699,0.7754591289817727,1.630991386724504
0.1907408944436152,0.7782607874346291,-1.2592836093419335
0.2691438671687111,0.8007314936591767,1.2020132602204605
-0.4093555218444948,0.7754591289817727,1.559180393524965
-0.3214319629662127,0.5503047932332333,-0.2039293620417654
-0.2984580319756982,0.775459128981648,-1.259282049082728
-0.9999313519794188,-1.5247081575696844,0.0268054367310491
-0.2984580319756982,0.775459128981648,-1.259282049082728
-0.4241959719491752,0.6514059799532962,-0.2281009240887536
-0.4164407924998888,0.5503050136925838,-0.2008178958565489
-0.7788299248754984,-1.52470681444222,0.0266398656589106
-0.3136452583972146,0.5503049175577162,-0.2065455782707457
-0.4241959719491752,0.5503049174699634,-0.2013725385798771
-0.7717682980598889,-0.8023115968954815,-0.8248660772620549
-0.0233304309644074,-1.0915339388593726,-0.844187535889893
-0.6615643608247668,-0.8022900609350222,-0.8108004998310226
-0.7717682980598889,-1.0820614336962706,-0.8455568946409032
0.1274857417403978,-0.2556024157973477,-0.8502426283491115
-0.866430351276727,-1.041280469860676,-0.8095970284959245
-0.5347782106208475,-1.0414079960778198,-0.9597497498126228
-0.1091575693818054,-0.5822404777365946,-0.8491700039090542
0.1274857417403987,-0.2526992738697628,-0.8540766349717649
-0.6615643608247668,-1.0412762377654563,-0.8318572578758338
-0.7717682980598889,-0.8023115968954815,-0.8248660772620549
-0.8348500626046871,-0.9273982591092192,-0.7671303232253216
-0.661217584507929,-0.7991543271418704,-0.8255683914631062
0.0550488979209017,-0.9247767865065988,-0.7698995724760037
-0.4171343451335659,1.5249011950540845,-0.8224878456671342
-0.5508166152746048,-0.3252859604695963,-0.3209199002395548
0.1274857417403978,-0.5563415968480088,-0.8537455103315402
-0.2040166545968478,-0.5840808553383197,-0.7704371149349458
0.1274857417403978,-0.8066409582314906,-0.8573162671933069
-0.645131892174604,-1.091864934690966,-0.8441993092025389
-0.5510136472728062,-0.7991327911567023,-0.811513541707345
-0.5587373016023803,0.55481876246294,-0.1924816141309477
-0.1799472256963202,0.5543154806417396,-0.1951422349228967
-0.4319826765181732,0.6513935389977578,-0.2221103681525001
-0.5347466855011352,0.6514059615060046,-0.2156356895971249
-0.8974825941935826,-1.4789325398724258,-0.0435612805996092
-0.8315714501545836,0.1446119400047651,0.047553697420409
-0.5502885695194178,-1.3886330950917232,0.008770758863382
-1.3796198937972846,0.6490370214881487,0.5934446433561023
-1.4901706073492442,0.6469818013624901,0.6074799430263897
-1.2448500070261637,-1.053399143998939,0.8693330498740602
-0.9209845709392824,-1.0537408132692303,1.0156732468081455
-1.2056406393836885,-0.9028029809500662,0.8519569608511763
-0.3450758027506198,-0.6701054575721321,-1.7804167407068838
-0.3609644630857425,-0.6700994030054519,-1.7324641624506736
-0.1557832214366572,0.5869170625048942,-1.286686798794402
-0.2663339349886159,0.589359673856552,-1.2963871757394747
-0.2345566143183728,0.5890522173822417,-1.2136965575083971
-0.2504452746534942,0.5892842050028714,-1.181030293379234
-0.25820045410278,-0.0759611504088416,-1.25200912516488
-1.000404228775107,-0.1713265886011826,0.0308892076791342
-0.5664924810516648,-0.988832874978264,0.02758386617715
1.1690047655234632,0.865106327128362,0.027387175000859
-0.4559417674997051,-1.1677812567176673,0.0275774959093788
-0.3609329379660289,-1.1854431118052535,0.0275753892439423
-0.4636969469489914,-1.0789332007293853,0.0275780235355712
-0.905616075079418,-0.9967560686498904,0.0279082677162774
0.3331083350654595,0.7126662847513814,0.0277167176351051
0.8307875186874477,-0.9866107689583026,0.0274009919820288
1.0275515533732833,0.1140650458451057,0.0277117034950292
0.0332571589196066,-0.9829738629364698,0.0277168879245709
0.9482501147363824,0.7305171521232323,0.0277160150056335
-0.2192984563775018,-0.9866077625197832,0.0277165795148452
1.5630451180904643,0.8508633961622674,0.0275192071231487
-0.2342413631212473,-1.0063723120565338,0.0275246475508697
0.1437527035120706,1.34345233126652,-0.2092870834538798
0.03320198996011,1.34345235753203,-0.2335848683807195
-0.3931200851925353,0.7754591289815377,1.6957143652295683
0.033194108680183,0.8007299691770189,1.115136434387254
-0.0773566048717771,0.8007314936589421,1.611505746351543
-0.4241723281093909,-1.472171831118669,0.0268159824570141
-1.1980509668128938,-0.9658292500495932,0.1354649003899806
-1.4347258030548102,-0.2415033524369406,0.2416308064821464
-1.4265923221689734,-1.3318673593658208,0.0793609376914757
-1.8691419526936504,-1.0581200995992173,3.7587810272249262
-1.324884404696382,-0.8476859150349858,2.0960025016449677
-1.4666686306035437,-0.8702489211610602,2.1980861745466664
-0.1003068920225095,-1.61177218306049,-1.2301977926686836
0.4203225787502088,0.1411012463191509,-1.2660285070062025
0.4369284355587906,-1.4751136135959466,-1.2791291008514758
0.042021142199695,-1.7957674640015064,-1.2962847801431938
0.1525718557516547,-1.7957674644421109,-1.2847040847965796
0.0575630262179776,-1.3658583990429385,-1.293638453048945
-0.0685295713522655,-1.7957673488262256,-1.2737276921453975
-1.2054908950650538,-0.1485421016489021,-0.2457216120586909
-0.5419895817550919,-1.263320871667004,-1.7245480656031864
0.1919861366722608,-0.5418420867835171,-1.2283989885147588
-1.0080648328652542,-1.071782098294916,0.3693153640477644
-1.0788544891797698,-1.26512254111301,-0.2714682927966194
-1.4265923221689734,-1.3318673593658208,0.0793609376914757
-0.6686259876403765,-0.1467431424501802,-1.7023830388730083
-0.3447605515534947,-1.297825022068515,-1.6145766273283728
0.5706343495396142,-0.5070477480560787,-1.2283759542698252
-0.6693668279536212,-0.5831155216687263,0.031442485638466
0.0653497307869748,0.6077537186115953,-1.2228924277932829
0.1995679279631273,-1.4803105695523784,-1.197966596444739
-0.3447605515534947,-1.297910930833215,-1.57928045975672
-0.2269196540680098,0.5468234722066542,-0.1925753992055852
-0.2191329494990117,0.5468310768720923,-0.1924271436560895
-0.2032442891638904,0.546831009170794,-0.1925278842104953
-0.1635147570461583,0.5468259542019328,-0.1925904003848117
-0.3931200851925361,0.7733717301216139,1.756902438856104
-0.8660835749598899,-1.2731190582068013,-1.105430883613599
-0.9529352797679448,-1.5446772330683334,-1.2742700674150969
-0.4090087455276579,0.7733717301217251,-1.2592709846888726
-1.071296341728687,-1.2840613023654293,-1.0346038717651205
0.0639311003999112,0.7754591289817727,1.2073846017094838
-0.8345978616469867,-1.5836283343850366,0.759171154246009
-0.8501949146247674,-1.2771803756959037,-1.1480545589369122
-0.842384566215985,-1.6643390055467702,-1.2760482039847925
-0.8345978616469867,-1.58362833433455,-1.2759718008718772
-0.1713487492947245,-1.286037112621542,-0.8820756665272564
-0.2263916083128242,-1.4331840569419574,-1.8966184509125656
-0.9529352797679448,-1.5469286233611663,0.7468063910217291
-0.2585472304196178,-0.582992253311184,-1.276181402872897
-0.2585472304196178,-0.582992253311184,0.7559362417706906
-0.36168954083913,-0.6675890394598255,-0.8491677780100124
-0.7318338526640251,-1.6959568587188198,-1.276178731446304
-0.5199062353964554,0.7733717301218489,1.5996474022678155
-0.0466196131520484,0.7733717301218489,1.2124867429019748
-0.4090087455276579,0.7733717301217251,-1.2592709846888726
-0.2984580319756982,0.7733717300513705,-1.276123403762058
-0.842384566215985,-1.664340630377383,0.7577184241496273
-0.2581689289830665,-1.4331840567457146,-1.9085590097783969
0.1278561618970209,0.8007299691067691,-1.2761281769273054
-0.7318338526640251,-1.6982711566006985,0.7581202977760186
0.0887098444939708,-1.1755840983632275,0.0275642186071311
-0.5269915060518494,0.6514156495432435,-0.2141816008374444
-0.0059522087228674,-1.1756579413309445,0.0275751147080388
-0.3609329379660289,-1.1441996579113638,0.0275227447782365
-0.4079132476176469,-0.8637915595523157,0.0274765096857377
-1.5290410799548098,-1.3598518274033429,-0.0886413034027997
-0.4164407924998888,0.5503050136925838,-0.2008178958565489
-0.9262650284911332,0.6570741774802801,-0.1854931944697726
-1.5290410799548098,-1.324625718268552,-0.222654464538851
-0.8157143149391745,0.5496003175790666,-0.19093590543166
-0.5502885695194178,-1.3886330950917232,0.008770758863382
-0.9686190268249348,-0.4025120697083789,0.0463542817189154
-0.6686259876403765,-0.1483937027494046,-0.7601948565213992
-0.881940710175298,-0.1469567034008064,-0.9778849440544256
-0.7714215217430517,0.545767856813366,-1.4524487830205135
-0.5504067887183407,-0.3706248238959136,0.0277582663560076
-0.1636566200848636,-0.5408790662921973,0.0276930400068849
-0.3133300072000894,-1.208634719680771,-1.5694501415861342
-0.2974413468649677,-1.3200621015518617,-1.5709581293839583
-0.2904979392482803,0.6821266711566171,-0.8417934397696168
-0.2904979392482803,0.6821266711566171,-0.8417934397696168
-0.2904979392482803,0.6821266711566171,-0.8417934397696168
-0.9766342885118487,-1.2164833570418696,-0.8237472478159255
-0.7714215217430508,-1.2140526883920384,-0.8235183454848681
-0.960745628176727,-1.2860385634772658,-0.8597420212143682
-0.6449821478559694,-1.27311928615099,-1.1658216461061888
-0.7402825847469866,0.0214213809917815,-0.5350110195585814
-0.7402825847469866,-0.000309505311839,-0.5521397007814829
-0.6763811670896623,-1.4260189689549496,0.0140789296028772
-0.4474930354167436,-1.426004112726478,-0.0224260668063746
-0.1559014406355782,0.1587192033744208,0.0278766307732189
-0.6685944625206642,-1.426004134946924,0.0132588884463473
-0.0292650347502944,-0.6588821167113903,0.0276865196535442
-0.2076341620838621,-1.451775472008841,0.0272930992919315
-0.5658304535377022,-1.4260189436616093,0.0063464906349393
-0.4553112651054553,-1.1758819068605229,-1.7842267357282855
-0.3133300072000894,-1.208634719680771,-1.5694501415861342
-1.0246470458340524,0.5460876649598857,-0.336837464430047
-1.3086332054845662,0.6481147295270674,-0.402813171422579
0.1583567152189061,1.394383611382616,-0.7129680284543526
-0.3697599714855418,0.2639467849769851,-0.7126174623371345
-0.961092404493566,-1.04129531561598,-1.0239165142429696
-0.755879637724768,-1.0412913220958353,-1.0956572157396438
-0.5347782106208475,-1.0412913220958375,-1.1568583131926422
-1.071296341728687,-1.2840613023654293,-1.0346038717651205
-0.6449821478559694,-1.285954886686848,-0.970811132996094
-0.5347782106208475,-1.0414079960778198,-0.9597497498126228
-0.6371954432869713,-1.33236187501506,-0.2473521884786075
-0.5347466855011352,-0.0145344162659201,-0.278108872147472
-0.431951151398461,-0.0145440063776493,-0.2899104915712358
-0.4397378559674591,-0.0145563450574356,-0.2850456256613573
-0.5269915060518494,0.6515689884599739,-0.4107741455614881
0.0330522456414754,0.6821266509765213,-1.0054603094141112
-0.2032442891638886,-0.1470213142725753,-1.007297676272333
-0.1954891097146041,-0.111816407452219,-0.8441254145336449
-0.0935841602438092,1.5249011741131362,-0.9878927278295192
0.0330522456414754,0.6821266509765213,-1.0054603094141112
-0.5267787114937899,-0.3436201819397635,0.1852877091380417
-0.0773250797520653,0.1406523355155413,-0.1419515113567516
-0.9340202079404196,-0.0087891046743829,-0.2506753428748524
-0.6773978522003916,0.0057689763615354,-0.2252120339353436
-1.2213795554001765,-0.939293688972131,0.0686789528232046
1.2869638822078713,0.8275225745487643,-0.1999691593393625
2.123553865299549,0.8275225741081553,-0.1999965749928741
2.2731484396154924,0.8275225741081553,-0.1999966988127946
2.1865883421647783,0.826442595840518,-0.2003481970199596
2.3126809397350216,0.8275225741081553,-0.1999966712742031
2.26893195485394,0.826442595840518,-0.2003480659343141
2.4073429929518597,0.826442595840518,-0.2003482133418335
2.48584842231602,1.3945533112969872,-0.2003482745069027
2.5404026419785746,0.826442595840518,-0.2003481820085635
2.5496946710138464,0.826442595840518,-0.2003482262588856
2.57174649225277,0.826442595840518,-0.2003481912187817
2.6192627289394994,0.826442595840518,-0.2003480665601112
2.855906040061702,0.8275225741081553,-0.1999965778005092
1.2869638822078713,0.8275175011310799,-0.3143526354880376
2.12355386529955,0.8275175011306317,-0.3251100642590973
2.2178218545199813,0.8275175011306317,-0.3251383155462148
2.2731484396154933,0.8275175011306317,-0.3251388511737916
2.3126809397350225,0.8275175011306317,-0.3251392907063368
2.3126809397350225,0.8275175011306317,-0.3251396899442192
2.3475083157374543,0.8275175011306317,-0.32513898532683
2.3950245524241836,0.8275175011306317,-0.3251096987012036
2.4705745018152925,0.8275175011306317,-0.3251415408625097
2.533435590522102,0.8275175011306317,-0.3251456447586737
2.611941019886263,1.3945533112969863,-0.3251435841579222
2.3823356917398857,0.8263531656210306,-0.3244248818791367
2.666495239548819,0.8275175011306317,-0.3251289635404391
2.6757872685840907,0.8275175011306317,-0.325140473847455
2.7453553265097455,0.8275175011306317,-0.3251099647641398
2.8559060400617047,0.8275175011306317,-0.3251103776689494
0.5135738828599116,0.8275174798886779,-0.1997237328861786
1.5393855157462004,0.1071685065681478,0.3007558136837073
1.4761067192031998,0.1071685065681478,0.3007558180744631
1.4640089545135115,0.1071685065681478,0.3007558377740686
1.4640089545135115,0.1071685065681478,0.3007558377740686
1.4640089545135115,0.1071685065681478,0.3007558377740686
1.3030889809408372,0.1071685065681478,0.3007558355885047
1.999912345786954,1.4056520376186614,0.3007558167227164
1.783815531437401,0.5833071118005756,0.3007558211739631
1.7284416586623206,1.3943834876877286,0.3007557734903326
1.6499362292981603,0.5553025020102814,0.3007558259576296
2.050983039721273,0.1071685065681478,0.3007558261454712
1.555274176081323,0.1071685065681478,0.3007557991085566
1.7284416586623206,1.3945611860579068,0.3007558138331417
1.814339728599071,0.1071685065681478,0.3007558308654768
1.429181578511079,0.1071685065681478,0.3007558309210509
1.3186308649591207,0.1071685065681478,0.3007558051321047
1.8545342562325633,2.607380690347883,0.3007558157769183
1.200324971957876,0.1071685065681478,0.3007558710390893
1.9014593969246825,0.1071685065681478,0.3007558273500206
1.665824889633282,0.1071685065681478,0.3007557971369863
1.7354796416381453,0.1071685065681478,0.3007558117630526
1.902468200755484,0.1071685065681478,0.300755777261681
1.334322493296039,0.1071685065681478,0.3007558395997407
1.310875685509835,0.1071685065681478,0.3007558378479162
1.2081116765268742,0.1071685065681478,0.300755885514849
1.8618559652858004,0.1071685065681478,0.3007558742260835
1.429181578511079,0.1071685065681478,0.3007558036909615
1.310875685509835,0.1071685065681478,0.3007558014224698
1.547172220315199,0.2568304164796661,0.300755821768167
1.2400545040756084,0.1071685065681478,0.300755886668562
1.4640089545135115,0.1071685065681478,0.3007558084776818
-0.638149078158276,0.5098980652098135,1.5895523886108605
0.883505400126745,0.8474491892741177,1.22668875453874
0.3628444042343158,0.8474336385663894,1.336531692639624
0.4261074382174594,-0.3078760339255415,1.3611160051242173
0.7417211742195834,0.8474336381358604,1.262919900442643
0.5046286301414766,0.8474491897159567,1.3145721254261866
0.773325106731408,-0.2210047100282223,1.2640393823467655
-0.1022456868848311,1.5450614246927854,1.070409181041698
0.3869532395344823,1.5450614372950235,1.070689325005868
-0.0383994381870037,0.512189633675137,1.3455104023244688
0.7655305208824824,1.7176936307057349,0.7106115979980849
0.4741201955396648,1.707829526616955,-1.2142826330397325
-0.3781614158889348,1.5407977118426948,1.577093327642329
-0.7253554405630978,1.540797711796518,1.6873591597917312
-0.5992628429928542,1.5407977122300371,1.6407114856019354
-0.8359061541150574,1.5407976993339092,1.7903901045212378
-0.0468560515498931,1.5407977118426948,1.5438668561873052
0.3464513419837927,1.733082012577718,0.1514144595599317
0.3464513419837927,1.733082012577718,0.1514144595599317
0.5362246813733729,1.526683847932628,1.4772514152211829
-0.0543826738812622,1.5396528202592514,1.6358381459716715
-1.0648179296277591,1.6875592505160342,1.7422235974899671
-0.92281302788261,1.6875609386035255,1.8842381720731232
-0.023149161526061,1.539652820259252,1.639092097663879
0.3709700038402229,1.539652820259252,1.425729471928369
-0.023149161526061,1.539652820259252,1.6461882238683752
-0.023149161526061,1.539652820259252,1.6461882238683752
-0.5357082016523675,1.406801872790599,-0.0113021994866611
-0.8596051628589614,1.4057530198182877,-0.6367174551953815
-0.4251574881004069,1.4054205151138723,-1.19377748411981
-0.7331894328116644,0.7990474696913495,1.6143978734471338
-0.2993880230072182,1.396501566219266,1.120249254072755
-0.0465092752330553,1.4055844043773824,-1.2167565739785569
-0.5759342544055726,1.4084357548073705,1.352486797803152
-0.7885869494265304,1.3964052953550194,1.3015827318346562
-0.078601847100424,1.5148304572943487,0.3079556070019265
-0.2125205556393054,0.8172496292674077,1.0960092321746753
-0.4174023086511224,1.4057546553903248,-1.1288052929014811
-0.2199447213316084,1.405422124068019,-1.4060355795415136
-0.5515968619874901,1.4075622804861154,-1.2896872980096896
-0.5438416825382039,1.407898281138803,-1.2240676525153178
-0.0623979355681766,1.4077270818095111,-1.5799082206623518
-0.7568096287562873,1.4054189194104738,-1.0788023149514985
-0.6462589152043281,1.405420502181545,-1.1677412657494952
-0.4410461484355287,1.405420066815704,-0.9512435438052882
-0.4251574881004069,1.4054205151138723,-1.19377748411981
-0.1093940077796492,1.4054216636643286,-1.0775638928769788
-0.867360342308247,1.4054189202154366,-0.6993422359583817
0.6311704606676227,0.8474540269772992,1.2574474646670528
0.4261074382174594,-0.3078760339255415,1.3611160051242173
0.3628444042343158,0.8474336385663894,1.336531692639624
1.1762870681770607,0.8495056460339901,-1.3132331251034317
1.8146392172363393,0.8474450392975965,0.8119472094886545
-0.4877190881699486,-0.8237638225989131,1.924907036102551
-0.0072683824708676,1.7061889413753195,1.3669390662891914
-0.1492496403762326,1.5565673566118232,1.75953017699327
-0.6225599064604235,1.555878317320121,1.0994178226383944
-0.1022772120045429,1.5565002142503848,1.822166303637044
-0.236156514143786,1.52853202619729,1.335532914608481
0.1271232028637028,1.5285320265249955,1.327128797009879
0.1563154637175184,1.5319678902464435,1.3937126475622676
-0.5827279177036244,-0.8237496439861833,2.064519618271482
-0.2990412466903799,1.540797711891844,1.5973153327545953
-0.4410461484355296,1.407562279676218,-1.5709294517432029
-0.6543923960901644,1.4078982819627333,-0.9302424788438336
0.8209910877367724,0.8760829656153059,0.7506537633588397
0.1106907342135399,0.8760241052586083,0.8161861152898519
0.4030074067480955,0.8789780263956561,0.0104548834521555
0.6708527051057877,0.8495056460342093,0.3246647922194531
-0.5280791226819325,-0.3339478631915358,0.3393087622219939
1.1762870681770607,0.8495056460339901,-1.3132331251034317
0.0872124013076242,0.5195707053743218,1.4315723218335188
-0.2296071705235042,-0.332716320552174,1.842353180676697
0.1341375419997434,0.8760865210147084,0.8505457910953068
-0.5123559692253017,1.5459640516839508,1.3779147219271313
0.2218167812002534,1.555931195645131,1.2524858737264082
-0.5992628429928542,1.5407977122300371,1.6407114856019354
-0.9779110558602068,1.4053267159892784,-0.3205138876324147
-0.0156934707140431,1.7075364102728383,-0.4645386625923056
-0.867360342308247,1.4727489455771885,-0.2767079706164497
0.5504346290838016,1.7301122028469549,0.8293985405882587
-0.504254013459178,1.5258946541815976,1.2947659371182645
-0.0468324077101088,1.5334624698012318,1.389975825412467
1.2861915167749116,0.8474333744048366,1.021784694796414
1.6885466196660956,0.8495016529862731,0.8101067637334018
-0.3229609312722729,-0.3327162505020932,1.694221203733722
0.1570563040307631,-0.3327163207638751,1.6339169615940794
0.1492695994617651,-0.3327163207648182,1.5815098591042944
-0.330747635841271,-0.3327162505030616,1.6467176504536778
-0.6621475755394498,1.407562281124187,-0.9937992234720092
-0.5515968619874901,1.4075622803142895,-1.3187150439304731
-0.859581519019177,1.3964995143464485,1.5949368900619827
-0.859581519019177,1.3964995143464485,1.5949368900619827
-0.5438416825382039,1.407898280687321,-1.2553498126467155
0.6795063504668799,1.3697964169199368,-0.5071730374784993
-0.9387016882177316,1.3965151135764349,1.6846760375473389
-0.9387016882177316,1.3965151135764349,1.6846760375473389
-0.8120652823324468,1.3965033903088064,1.664356154930151
-0.8120652823324468,1.3965033903088064,1.664356154930151
-0.859581519019177,1.3964995143464485,1.5949368900619827
-0.7490308054672171,1.3964995143465944,1.5701159172887145
-0.331196868797174,-0.2467178844385391,1.4529569865324727
-0.7096244058265385,-0.3327162502858499,1.875877396278684
-0.1422904701996885,-0.2765601257709388,1.625497297093415
-0.2840746961068502,-0.2947513460524092,1.7380947658255506
-0.2840746961068502,-0.2947513460524092,1.7380947658255506
-0.0876259126181392,-0.3332099293263066,1.8774530912207053
-0.0876259126181392,-0.3332099293263066,1.8774530912207053
-0.5676431479211745,-0.3332098593250612,1.908478647419008
-0.5676431479211745,-0.3332098593250612,1.908478647419008
-0.1892156108918086,-0.2467221310069475,1.470565745775145
-0.1892156108918086,-0.2467221310069475,1.470565745775145
-0.5830274063408954,1.3964051572320986,0.5840657770187971
-0.5830274063408954,1.3964051572320986,0.5840657770187971
0.6075581460029301,0.1694414234918074,-0.0899894443055216
0.903405631945288,0.5856081121324174,-0.4929158022779507
0.2536571521099232,0.1691257888439249,-0.0793258043740897
-0.3427193000521083,0.6632113013350049,0.6593295502698419
-0.2667989305043766,0.1634293859277502,0.5823144480816371
1.1288969319691804,0.5846500570827182,-0.2808518930576005
1.1529111919102093,0.5846500578830071,-0.2804641547784591
0.6483674134708168,-0.2399176819597851,0.8044015947497216
-0.1408797210925524,0.1529084988665576,0.9339047149547256
-0.295376451523797,-0.5328306290749916,1.9669001488215767
0.4906708833887491,-0.1622293396340464,0.805641762645194
0.2619324960344667,0.584968468096598,0.3019239467389641
-0.0303290075405918,0.1691874671007662,-0.2099423346038885
0.5537053602539785,-0.238957278699703,0.6984915546514652
0.7424856583726133,0.6023418297199458,-0.490584642919957
1.2157722806170206,0.5856081120695952,-0.4910673957791112
0.5535083282557758,0.1689504094876805,-0.1225953281029515
-0.1407063329341334,0.1634649491016951,0.6852815864428852
0.979672777809859,0.5848989792606759,-0.5002932623024062
0.0802217060113678,0.1529085175060564,0.9288010334160116
-0.3773496440563367,0.1634293859276054,0.6868736001849044
0.4809217401176441,0.1694415084379319,-0.0877594404859969
-0.4563200689362574,-0.4858040935887793,0.66119941923549
-0.2667989305043766,0.1634319763211935,0.6854758655374171
0.1305909660320825,0.1529085951304919,0.9316264935768958
-0.0301556193821729,0.16346494910184,0.5811874849453401
-0.2192826938176464,0.2413483912301605,0.5889688271268524
0.7742629790428568,0.5846500578827926,-0.2799800625581713
-0.235565418149175,0.1634562858666199,0.6864165637498952
1.647729470918282,1.3190363008219406,-0.5831520663358971
0.6794511815073834,0.5856081121327211,-0.4757684490357628
1.633637742406777,0.5846703996927655,-0.2892436675023942
-0.9767525077107708,-0.5206100455595893,0.6865159680132376
0.5288714472004219,1.3949670886293704,0.2286657541812763
-0.5036392736247836,0.6632112152801379,0.5945518415898019
0.2411416795840421,0.1529085951304919,0.9303326885387528
-0.3143151671911073,-0.5351527494122984,0.7076367534672207
0.3797261058403816,0.5846500571775713,-0.2800194979210655
-0.2199998902911059,0.1699710471540575,-0.0397970094527173
-0.2037644536391472,-0.535150178116333,0.7076251706413363
-0.5827357989835537,-0.5328291075973485,2.612921847701022
-0.1422904701996885,-0.2765601257709388,1.625497297093415
-0.1257476636305312,1.5569450078072884,1.9302989101240904
0.3948502820224739,1.7067367773531397,1.5330259536540105
0.7494842349487971,1.706736777357665,1.527766880000883
0.7180852157151045,1.5570516030894417,1.8196240269639752
0.3634512627887813,1.5570516030852888,1.8307224786644165
1.4283855692383365,1.5572411548344047,1.5495919673028224
-0.2842717281050538,-0.2765600547472235,1.598096475514564
-0.426055954012216,-0.2947471066009668,1.704868671970571
1.1205979442048537,-0.3327052771861772,0.8277930601378308
-0.3067570197400251,-0.332716250503437,0.9790092172056074
0.1740956312353924,1.687752098946688,1.3249964391470546
0.1663089266663943,1.687752098946688,1.32259979312484
-0.3228899997529178,1.6876468836619984,1.5990034818996404
-0.867360342308247,1.4727506464880782,0.2975077947930415
-0.3704062364396489,1.473212440084655,-0.3998783574408439
-0.527953022203083,1.473097887170004,-0.3927090871973872
-0.7568096287562873,1.4727505863449002,-0.4197456454501275
0.5774122502778106,0.9488899019074258,1.501196013533883
0.7191964761849723,0.9488899019091144,1.494419097798726
-0.1259210517889501,1.5580792976442197,1.6754624809778678
0.2679853190192724,0.847449032785248,1.4223196939275955
0.1262010931121116,0.8474334816402531,1.4607300326372092
-1.1033889135960555,0.019463044069089,0.1023125807015578
0.488850307725348,1.7350495089897724,-0.1851341431848074
-0.6621475755394498,1.3846015292342562,-0.3444633162242047
-0.4096156040821243,1.5164351154187992,-0.9387776255559682
0.0795833223371882,1.5165392442189358,-0.988023357972442
0.0963073983446928,0.169125703897476,-0.0816250399323914
1.0902234913618176,0.5848989909659549,-0.4985175904256412
0.806087587392669,0.5574036023289576,-0.464351084119487
0.1305909660320834,0.1695434102012479,-0.0864341374946739
0.6319349448206527,0.6098002563817367,-0.4939740732012486
0.3802935579952083,0.1691257038976986,-0.0815831028035714
-0.4248658807430669,-0.5351527494122991,0.7978298085708984
-0.3770028677394985,-0.4858042475447221,0.5118699489293774
-0.3266336077187833,-0.4858041889175035,0.6600903879379767
0.0236971663667786,-0.4858042124313843,0.6597638068364186
-0.7247407007287038,0.6632111778427537,0.7671285004165307
-0.6141899871767441,0.6632112050451017,0.6606445521425877
0.332950709466897,0.1634311848417941,-0.7426765149904588
0.4117241023486135,-0.23991768309114,0.8045279005882335
0.6831947894732484,-0.2399176826662396,0.8044598573134715
0.6637122654908971,0.5846500578827926,-0.2767305320593354
0.1905990314049095,0.8866063168105144,0.8059442652522366
0.758374318707735,0.5846500571777848,-0.2805032623685813
1.5075451448365325,0.5846500578830071,-0.2804066918863675
1.2224792498358632,0.5848885350630113,-0.1602489775326537
-0.6392918637478555,-0.7231198624590333,2.819024488437558
0.1513817824825052,0.2193252850098425,0.5867623232429674
-0.0538309842862932,0.5493855052554323,0.2396799600977589
0.151381782482507,0.5849684680966848,0.2830827472657079
-0.4721850854315935,-0.5328291075973485,2.5261138594639996
0.6075581460029292,0.1691257420962713,-0.083870100055842
1.3803728119161347,0.5848975937198652,-0.4996085885798094
0.979672777809858,0.5848989909218082,-0.4985131387598832
0.257227371917368,0.1695433252551247,-0.0886678306933055
-0.0303290075405927,0.1668498053748471,-0.0799062406867922
1.253736406030849,0.5856081121324174,-0.4938146805743884
-0.5981042948434192,-0.4858042848293733,0.6623773558440806
-0.2667989305043766,0.1634293859277502,0.5823144480816371
-0.156248216952416,0.1634319763213384,0.5812759215300433
0.0046717566202587,0.1634429018965902,0.5816802168552299
-0.3298334073696065,0.2413483912300165,0.6951818122607561
-0.3459190997029315,0.4398512204017148,0.6999926014615359
0.5222748159005732,-0.2399176830084637,0.8044209928589307
0.4592403390353438,-0.2396756489861207,0.8050958351448824
0.1591684870515033,0.8856296602764916,0.8049409246735916
-0.8824372308107706,0.1722373139530832,0.7657092591467002
-0.6613358037068509,0.1722373139533376,0.5858918272438114
0.7414059230224582,0.5575745457486464,0.1574630613207892
1.2773093142959029,1.319036300653805,-0.5828775458884543
0.6555078530857069,1.322794570373366,-0.556881911212987
0.107088989286382,0.5493855052554331,0.2397354098630836
0.4574197633719427,0.5493855052554331,0.239723257658603
-0.3457457115445116,-0.5328280577779555,1.932143062238837
-0.3112651118589188,-0.5328291075973485,2.59039032656296
-0.0142433152072668,0.1691257038974059,-0.0815466594339231
0.7585713507059387,0.5848975937198652,-0.4985361402246199
0.2068581118966529,0.169125703897476,-0.0816503971881642
0.0963073983446928,0.1668497204901885,-0.0821721320075736
-0.0933634844058212,0.1693353322696972,-0.0587903326738928
-0.0303290075405927,0.1691257888436477,-0.0793990158248363
0.4588699188787208,0.1692636773355682,-0.2623059925463648
-0.3143151671911073,-0.535150178116333,0.7978181727289875
-0.4875535812914586,-0.4858042577379788,0.5609528190984457
-0.3457693553842969,-0.4858040664973848,0.5601321507496586
-0.3266336077187833,-0.4857986253525254,0.658435620002931
-0.2160828941668232,-0.4858041618261096,0.5592795335288236
-0.4532700136040689,0.6632112741326575,0.7655496434809617
-0.1058789569317009,0.1634429018964462,0.6860220855461927
-0.1250147045972144,0.1634562858667639,0.5819753756371618
-0.3459190997029315,0.4397245622442456,0.5935923893675171
-0.2353683861509714,0.4398512204018588,0.5931722834717484
0.3326039331500591,-0.238957296953498,0.8055373716215841
0.2850640526235433,0.5846500570825038,-0.2771734034104363
0.3956147661755038,0.5846500570825046,-0.2804260629294401
0.7742629790428568,0.5846500570827182,-0.2809094191978961
0.6637122654908971,0.5846519213718224,-0.2780178988221864
0.9003555766131,0.5846703996925519,-0.2888454868972262
1.4445106679713036,0.5848885350632279,-0.1649239055072208
1.3265200261671837,0.5848885355855653,-0.1650385929439684
0.1196044618122621,0.5614809003732648,0.1842660003454976
-0.1643816978382533,0.5493855052554323,0.239817118915661
-0.0303290075405927,0.1529085175060564,0.9300749802225076
0.5359251927361045,-0.5328280577779555,1.958588069646112
-0.4562964250964722,-0.5328306290749916,1.9323980759844923
0.4667984864864259,0.2203238629853761,0.5582502308467565
1.0347471619476705,1.0677358623450437,0.5559580104138588
0.6875531372735075,0.2203238987042664,0.5567712613266439
-0.6149150649301316,-0.3035851638597033,1.7692702839561807
-0.3627298697896448,0.0193115937491106,1.590982193088949
0.1585931536167495,-0.5641706067525674,1.8642422898379671
-0.4888224673598884,0.0193114325184998,1.6345211161525752
-0.4888224673598884,-0.3035850134647646,1.7132200311324388
0.8547150845492669,0.57247653929873,-2.139100266075298
0.8547150845492669,0.57247653929873,-2.139100266075298
-1.552684919739217,-1.7001273435596558,-1.186412954077402
-1.552684919739217,-1.7001273435596558,-1.186412954077402
-1.552684919739217,-1.7001273435596558,-1.186412954077402
-1.552684919739217,-1.7001273435596558,-1.186412954077402
-1.552684919739217,-1.7001273435596558,-1.186412954077402
-1.552684919739217,-1.7001273435596558,-1.186412954077402
-1.552684919739217,-1.7001273435596558,-1.186412954077402
-1.552684919739217,-1.7001273435596558,-1.186412954077402
-1.552684919739217,-1.7001273435596558,-1.186412954077402
-1.552684919739217,-1.7001273435596558,-1.186412954077402
-1.552684919739217,-1.7001273435596558,-1.186412954077402
-0.5036629174645669,0.7361930271570947,-0.0717324737943806
-0.5036629174645669,0.7361930271570947,-0.0717324737943806
-0.5036629174645669,0.7361930271570947,-0.0717324737943806
-0.5036629174645669,0.7361930271570947,-0.0717324737943806
-0.5036629174645669,0.7361930271570947,-0.0717324737943806
-0.5036629174645669,0.7361930271570947,-0.0717324737943806
-0.5036629174645669,0.7361930271570947,-0.0717324737943806
-0.5036629174645669,0.7361930271570947,-0.0717324737943806
-0.5036629174645669,0.7361930271570947,-0.0717324737943806
-0.5036629174645669,0.7361930271570947,-0.0717324737943806
-1.3315834926352974,-1.773328594503555,-1.3867588763430954
-1.3315834926352974,-1.773328594503555,-1.3867588763430954
-1.3315834926352974,-1.773328594503555,-1.3867588763430954
-1.3315834926352974,-1.773328594503555,-1.3867588763430954
-1.3315834926352974,-1.773328594503555,-1.3867588763430954
-1.3315834926352974,-1.773328594503555,-1.3867588763430954
-1.3315834926352974,-1.773328594503555,-1.3867588763430954
-1.3315834926352974,-1.773328594503555,-1.3867588763430954
-1.3315834926352974,-1.773328594503555,-1.3867588763430954
-1.3315834926352974,-1.773328594503555,-1.3867588763430954
-1.3315834926352974,-1.773328594503555,-1.3867588763430954
-0.2825614903606476,0.7549997070130953,-0.0876056542493577
-0.2825614903606476,0.7549997070130953,-0.0876056542493577
-0.2825614903606476,0.7549997070130953,-0.0876056542493577
-0.2825614903606476,0.7549997070130953,-0.0876056542493577
-0.2825614903606476,0.7549997070130953,-0.0876056542493577
-0.2825614903606476,0.7549997070130953,-0.0876056542493577
-0.2825614903606476,0.7549997070130953,-0.0876056542493577
-0.2825614903606476,0.7549997070130953,-0.0876056542493577
-0.2825614903606476,0.7549997070130953,-0.0876056542493577
-0.2825614903606476,0.7549997070130953,-0.0876056542493577
-0.2825614903606476,0.7549997070130953,-0.0876056542493577
-0.2825614903606476,0.7549997070130953,-0.0876056542493577
-0.2825614903606476,0.7549997070130953,-0.0876056542493577
-0.2825614903606476,0.7549997070130953,-0.0876056542493577
-0.2825614903606476,0.7549997070130953,-0.0876056542493577
-0.2825614903606476,0.7549997070130953,-0.0876056542493577
-0.8200884252992889,0.4032133049272678,1.2752781251823309
-0.8200884252992889,0.4032133049272678,1.2752781251823309
-0.8200884252992889,0.4032133049272678,1.2752781251823309
-0.8200884252992889,0.4032133049272678,1.2752781251823309
-0.8200884252992889,0.4032133049272678,1.2752781251823309
-0.8200884252992889,0.4032133049272678,1.2752781251823309
-0.8200884252992889,0.4032133049272678,1.2752781251823309
-0.8200884252992889,0.4032133049272678,1.2752781251823309
-0.8200884252992889,0.4032133049272678,1.2752781251823309
-0.8200884252992889,0.4032133049272678,1.2752781251823309
-0.8200884252992889,0.4032133049272678,1.2752781251823309
-0.8200884252992889,0.4032133049272678,1.2752781251823309
-0.8200884252992889,0.4032133049272678,1.2752781251823309
-0.8200884252992889,0.4032133049272678,1.2752781251823309
-0.8200884252992889,0.4032133049272678,1.2752781251823309
-0.8200884252992889,0.4032133049272678,1.2752781251823309
-0.8200884252992889,0.4032133049272678,1.2752781251823309
-0.8200884252992889,0.4032133049272678,1.2752781251823309
-0.8200884252992889,0.4032133049272678,1.2752781251823309
-0.2436988990350109,-0.1235106996312083,1.6483005638760462
-0.3697914966052545,-0.6081022583832617,0.0024811575350372
-0.4482181131701329,0.1452443292804553,-0.5981316619575974
-0.1564373676706913,0.5645733740915856,-0.0898305965094922
-0.1564373676706913,0.5645733740915856,-0.0898305965094922
-0.2041427550756963,0.8007314936591767,1.5115395091667525
-1.5065715508796946,0.2845542166316571,2.347133354530619
-1.5065715508796946,0.2845542166316571,2.347133354530619
-0.1257003759509622,1.0421087445731134,-0.2960985047940103
-0.1257003759509622,1.0421087445731134,-0.2960985047940103
0.7890561414679677,0.0219754149766877,-0.2566469903344703
0.7890561414679677,0.0219754149766877,-0.2566469903344703
0.9151487390382108,0.0219755762426851,-0.2566978335917569
-0.2366372722194012,0.0204730552867719,1.5084479236726491
0.8678295343496842,0.7938608596818431,0.0619768221785613
-0.3931200851925361,0.7733717301216139,1.756902438856104
1.8302914391736196,0.0219754327642645,-0.5535979877122756
3.1081700480014725,0.0219754149767969,-0.621770391835917
1.6883338251080393,2.1939505978873823,0.4334892594438084
0.7890561414679677,0.0219754149766877,-0.2566469903344703
1.9563840367438632,0.0219755940302698,-0.5536071527269733
3.2342626455717185,0.0219755940632178,-0.5538450502524239
4.3860486568293275,0.0219755762757416,-0.6059482223695964
1.5169790369105118,0.7335233773431157,0.552456465494953
0.7417369367794406,0.8323433275804872,0.4413503059710407
1.9408421527255797,0.0219754149767969,-0.4297584768249284
1.9408421527255797,0.0219754143401859,-0.6134451060910602
3.3448133591236777,0.0219755940633356,-0.5538865852713436
1.0416117567650764,0.0204739708730779,0.0785167499933612
2.066934750295823,0.0204729122599824,-0.6179504429998071
2.193027347866067,0.0231380593567417,-0.2769818588654194
0.7890561414679677,0.0204729122599824,-0.2213180412857805
-0.3627298697896448,0.0204728940507164,1.539092810960794
2.0521100627509994,0.579751960320912,0.0020880370562028
2.494312916958838,0.5797519603209902,0.0020875905100622
2.1626607763029586,0.538989471541246,-0.0243601116170237
2.494312916958838,0.538989471541246,-0.0243622240240297
2.9365157711666776,0.538989471541246,-0.0243623011518899
1.6099072085431596,0.5796697410749728,0.0021162701476387
1.6099072085431596,0.5389072557697069,-0.0238938250219832
-1.3796198937972846,0.6490370214881487,0.5934446433561023
-0.2825614903606476,0.7549997070130953,-0.0876056542493577
-0.0070004189533107,0.4440934431155569,1.4277191566039955
0.4424453315084859,-0.0337528390781811,1.3570170575845055
0.2644702681713246,0.4440934431155569,1.417513780571425
-0.5199062353964554,0.7733717301218489,1.5996474022678155
-0.4093555218444948,0.7754591289817727,1.559180393524965
0.938895035461684,-0.2011246621584568,1.2721501831834776
0.3170935742514879,-0.2011246621584577,1.2771233463245022
-0.4796171324038258,-0.6235956454482637,-0.6004425714182385
-0.3849550791869875,-0.1011358960113203,-0.5975277146051693
-0.3452255470692554,-0.4063063735549788,-0.5973698309616502
-0.2034413211620936,-0.4062936765120029,-0.5973693861269189
-0.0737548599446204,-0.4062999940570618,-0.5973714635524121
-0.7872786569584599,-0.8547272938521182,-0.60266538011074
-0.251375265685015,1.4058507892989975,-0.6031325508354435
-0.251375265685015,1.526089925450995,-0.6035134562735467
-0.795065361527458,-1.3990214112254424,-0.60846986478453
-0.523594674402823,-1.3322847514057845,-0.6101351248235795
-0.523594674402823,-1.3990214112250814,-0.6088594713422769
-0.523594674402823,-1.3990214112254424,-0.608625983796832
-0.2591619702540127,1.4097070103488674,-0.6136365176115349
-0.2591619702540127,1.3949645107600674,-0.6094145067394783
0.0123087168706226,1.3953696168603145,-0.6098791445842339
-0.3818104484956613,-0.8480581296816058,-0.6089101497402166
0.012308716870623,1.4060574323872372,-0.6096726699604633
-0.5979545505247845,-1.0575440106581275,-0.6088229538929999
-0.0692231239859425,-0.8268411396509602,-0.6089444984336055
-0.4559732926194191,0.0966052653985309,-0.6091012488866243
-0.1796004493794832,-0.4699071028720826,-0.6090836161456172
-0.1718137448104852,0.0141568297624837,-0.6090113222675201
-0.0300295189033225,0.0149789705915954,-0.6090690204584811
0.0996569423141497,0.0145716035142356,-0.6094489153549086
0.3640896464629609,1.3953037651904272,-0.6100595909183542
-0.0612630312585246,0.0162023147046883,-0.609463237757825
0.0648295663117189,0.042721467081526,-0.6092963355256229
0.0996569423141505,0.0256663876632637,-0.609232022391165
-0.6682792113235387,-1.6186045024783573,-2.0994327056643147
-0.6682792113235387,-1.6186045024783573,-2.0994327056643147
-0.6682792113235387,-1.6186045024783573,-2.0994327056643147
-0.9999313519794188,-1.6384189444755086,-1.7718550961379913
-0.9999313519794188,-1.6384189444755086,-1.7718550961379913
-0.9999313519794188,-1.6384189444755086,-1.7718550961379913
-0.9999313519794188,-1.6384189444755086,-1.7718550961379913
-1.3315834926352974,-1.6600879581327488,-1.745662744546827
-1.3315834926352974,-1.6600879581327488,-1.745662744546827
-1.3315834926352974,-1.6600879581327488,-1.745662744546827
-1.3315834926352974,-1.6600879581327488,-1.745662744546827
-1.1104820655313778,-1.65612895493369,-1.875962848223932
-1.1104820655313778,-1.65612895493369,-1.875962848223932
-1.1104820655313778,-1.65612895493369,-1.875962848223932
-1.1104820655313778,-1.65612895493369,-1.875962848223932
-1.1104820655313778,-1.65612895493369,-1.875962848223932
-1.1104820655313778,-1.65612895493369,-1.875962848223932
-1.1104820655313778,-1.65612895493369,-1.875962848223932
-1.1104820655313778,-1.65612895493369,-1.875962848223932
-0.8893806384274583,-1.655973132174553,-1.9034926833280248
-0.8893806384274583,-1.655973132174553,-1.9034926833280248
-0.8893806384274583,-1.655973132174553,-1.9034926833280248
-0.8893806384274583,-1.655973132174553,-1.9034926833280248
-0.5357948957315781,0.8617847230097734,0.8622771905721693
-0.7568963228354968,0.8617820300240541,0.8668459498978212
-0.4252441821796179,0.8617833030497664,0.8549509297746632
-0.3623594496330222,0.8619470149907832,0.8429639628445619
-0.3623594496330222,0.8617878097875287,0.8642465618694217
-0.1571466828642247,0.8617847381017624,0.8589416367754105
-0.4854256357108616,0.8617885624728603,0.8649272617388377
-0.188947647374252,0.8617854218420523,0.8670310979811972
-0.6151120969283352,0.8617950309231694,0.8666711005616115
-0.2139549485862267,0.8626330589731159,0.8532614084029909
-0.2041427550756977,0.8618626254537675,0.8153330345057843
0.0480424400647899,0.8628789678890487,0.8062638431067805
-0.6385589047145388,0.8617916862172355,0.8641326346731486
-0.5202530117132937,0.8617992187845794,0.8630893519719471
-0.6463456092835369,0.8618564615129207,0.8396757502515252
-0.6463456092835369,0.8617832821877512,0.8627597777269187
-0.6463456092835369,0.861783470731439,0.8668627464406172
-0.1571466828642247,0.8619469910597483,0.8162436203370441
-0.1571466828642247,0.8617851464063049,0.8669197276891405
-0.4854256357108616,0.8621790959528486,0.8525440929312585
-0.4854256357108616,0.8617895473853455,0.8671603560947178
-0.5357948957315781,0.8617832925737006,0.8606984712517132
-0.5357948957315781,0.8617834827748792,0.8668524433991535
-0.4252441821796179,0.8617834828205931,0.8668417350756248
-0.5357948957315781,0.8618577198389757,0.8280932196091001
-0.5357948957315781,0.8618683238276246,0.8612888313870214
-0.5357948957315772,0.8619415054721768,0.8391650264363905
-0.4411328425147384,0.8617847455428497,0.8608673321020303
-0.4252441821796179,0.8618697719271607,0.8612638703062332
-0.4252441821796175,0.8619427639351894,0.8283325377352994
-0.5202530117132937,0.8628083807780592,0.8394416513333404
1.5750719512608,0.4316248664613183,-0.0273323904566108
0.5456034044878544,0.4026267055609955,0.4920491548305649
0.580430780490286,0.402626705560993,0.4964064559149397
1.7055465404710866,0.4267367258745774,0.4500130690373691
1.740373916473518,0.4267367258745757,0.4537124844468353
1.8664665140437615,0.4267367258745774,0.4537092447591464
2.0294435016776804,0.4316248664614795,-0.0638907475291219
-1.647346972956055,-1.793320236481381,0.6278015031842931
-0.2664521541875374,-0.4582733960260826,-1.3063673563642018
-0.2664521541875374,-0.4582733960260826,-1.3063673563642018
0.4118186777077512,0.635550061545757,-1.954955493098723
-0.5908929237091739,0.1161186954362364,1.6877326587183794
0.612208101160529,0.1843837598267474,1.486757820241926
0.4825216399430559,0.1843837601662821,1.4763531310108018
-1.5290410799548098,-1.3598518274033429,-0.0886413034027997
-1.647346972956055,-1.793320236481381,0.6278015031842931
2.3213109412563298,1.3317799733228537,-0.7958982906595753
2.4630951671634898,1.3317799733228537,-0.7959492445502547
2.550199072929245,1.3317799622508997,-0.795901678841708
1.6110105877331005,1.3317790101188782,-0.3982481675446897
1.7215613012850606,1.331779950844194,-0.6969118918400337
2.053213441940938,1.3317799726602069,-0.9231225843724572
1.9267740680538568,1.3317799727021684,-0.8088378558473625
2.195565120002924,1.331738338705501,-0.8212590728016486
2.2030050482550845,1.331771601785,-0.7963514241100126
1.8010282468004528,1.331748720576427,-0.8598598070947291
2.069125746115843,1.3302899946451994,-0.832411021995175
2.194871567369248,1.3303316292787493,-0.8073013099561603
0.7275821580285089,0.5846223546062587,-2.0573525456351973
0.7516042992494666,0.5846223546050175,-2.135000152041829
0.9645722454675508,0.5846223546059871,-2.1603397412867142
1.0829096635885087,0.5846223546050201,-2.18297437276613
0.6332668811285093,0.5846223295691705,-2.22361504357875
-0.1730668683190569,-1.28244125348932,-1.3092910233413264
0.7413192289432476,1.3946812010033,1.313398718250787
2.245288115069532,-0.8280137198349189,-1.253375778434961
2.826327596491409,0.8556789730333415,0.751566739478913
2.273920805048449,0.3473411647590844,0.9780968464774652
0.8854520762689956,0.5846223546084947,-2.007571282356385
0.4909388469063047,0.5678880348691443,-2.0485016383747845
0.6014895604582644,0.5846223546064555,-2.0521483093680435
0.8381328715804703,0.6254091523025344,-2.10368457490831
0.8540215319155917,0.5953099209480096,-2.1130275531014875
0.8699101922507134,0.5924703234267552,-2.1571224411848857
0.5223693912597099,0.6355500615457579,-1.9594911780698676
1.08256288727167,0.7104320555119251,-1.9720816324215265
1.5563933178311185,0.7129429390886932,-1.9724389919561875
1.3742805825316875,0.593898189999402,-1.8103525685821784
0.617378220793387,0.5846223546062569,-2.071438503417533
