true,pred_best_model
4.024370047385486,3.8525848010317465
2.4446327506500607,2.1457350136420117
3.0726572857949415,2.0271621734170533
3.46347820146982,2.0691930974878985
0.7556604634293457,0.9340615842775187
0.7862818700211304,1.4063323767429075
0.6931471805599453,3.1793000937027402
1.2660081952453888,2.018369085741564
0.7227059828014899,1.5662726931779638
0.4252640851098566,1.3180065948802064
2.527393923627317,1.7146439363680614
1.4337608983588142,1.4567480969002384
2.983153491347131,1.4096710381423727
0.9365959980349006,1.4858508911818489
0.6931471805599453,1.1292272972192487
0.7404054997353167,0.8769467987833081
1.120591195386885,1.4834140199277328
0.6931471805599453,1.2488481093697616
1.3862943611198908,2.344775895897792
0.8447662134654239,1.631263187051914
0.8589183914102222,1.6459370098584247
2.227077540485901,1.6058925164531024
1.7255100836868544,2.2192959044120975
0.7006943861953283,1.7687791777276993
3.576182148392256,1.7489650395111958
1.2237754316221154,1.6997671678869266
3.174575565971621,1.219432257513055
1.5198257537444133,1.6827727453910426
1.0784095813505905,2.8266239075542465
1.2305328310911032,1.1292272972192487
0.6931471805599453,1.1858490118377416
4.2828585200874105,3.2287390200849426
4.124867298752328,2.926991126192539
0.6931471805599453,1.106073034879373
3.2580965380214817,3.053634288275502
2.676174992571761,1.9333750302151602
2.39797680229171,1.4211178190481275
0.6931471805599453,1.4494034015430148
1.164570256459907,2.375468136336411
3.7534179752515073,1.988467471788136
2.2723067336877847,1.8829639123869026
3.4437149076531584,2.6136328845598173
2.292776875329991,1.7456777386800588
1.6115704650370968,1.4980011170357266
2.294863046900135,2.0103742289884856
2.931272644767847,1.1362680276652122
0.6931471805599453,0.955036185438255
0.6931471805599453,1.2328497930447309
1.0169342576538425,2.590305505747175
2.9655260224988864,2.4063280726533214
2.8183982582710754,2.3161006498879306
1.4160205413850913,1.867061065302376
1.2181574393178924,1.3797147416579483
0.6931471805599453,1.7077090487975142
2.3604524753145943,1.5908863085622154
2.49354974594402,1.5643816036165787
2.679284447813446,1.6055118328118678
0.6931471805599453,1.3221483723904188
3.9729431791899863,1.9385902548655982
1.352392809444209,1.4480332356600392
0.8600730518759268,1.2589035126968582
1.8927239266291385,1.8541016780554274
1.5640926892478235,1.7440283569447452
1.496987454089643,1.802201447070359
2.1972245773362196,2.1980425965607857
3.667862492381642,1.9425783217989083
1.3642075737170472,1.611686861816688
3.5167042681659355,2.8079974633366085
3.453947947047684,3.2096156088509264
3.4555228840728867,3.1701469915907636
4.110873864173311,2.330860824301947
1.0473189942805594,2.75865325550956
2.34222770893513,1.3152697943424057
1.0169342576538427,2.2353613873494345
1.914819561985282,1.4368201329248151
0.8501509293696101,2.148713709248932
1.551808799597464,1.6050695620617597
1.0519936780121857,1.665512920605361
1.7749523509116738,1.5518899399413206
3.615412302232064,2.2492956742602432
2.272125885509338,1.7530626512468845
3.3159543517292676,2.7315048707340974
0.9380522236556676,1.6422710969798242
1.6696567724271554,1.6280171246626796
1.2834559148947742,1.777608941369794
2.376948965394595,1.6024688855918865
3.6491469821274625,3.097069848714988
2.1097739295290716,2.642998844021246
0.7227059828014899,1.55025766472803
0.6931471805599453,2.2643210931315765
1.858898772065683,2.3918810551798737
3.374929454841545,1.4527634624424812
0.6931471805599453,1.2371350943262116
3.772639426982298,2.0220156113969
1.1451323043030024,1.8241939339334008
0.6931471805599453,1.2075847206480521
3.145109674628592,1.512398714267367
3.160360340892353,2.6332847473429926
2.936831419129996,1.8541016780554274
3.4863551900024623,1.4627044335365027
1.3862943611198908,1.7980302237463477
3.415505017884279,1.758304023453723
1.676690139443268,1.4813335926153925
1.7075475341786417,1.7181877838707897
1.7255100836868542,1.4434166383273783
1.5216989981260935,1.5566537196562362
0.6176396280518003,1.3706883062147646
3.900155752366471,2.926991126192539
1.944197819869801,1.2763320732778152
2.5686496392043927,1.5675473775037139
1.1631508098056809,2.8351447368926364
0.845998315045118,1.6459370098584247
2.410105436705302,2.1567950732161965
3.1886563393072103,2.1083359999602385
0.6891391591624065,1.5250573065157043
0.9133011930257888,1.2479878668814348
3.382141463461142,1.3940703138267452
3.948305900245184,1.7436120706567915
1.358642829789381,1.402428388695857
2.0284037077611674,1.9002226514296248
1.041453874828161,1.8730085632024054
1.4258088626767216,2.2066725509324834
1.099676863639082,1.3279795941008294
0.6931471805599453,1.8225700714490247
0.6931471805599453,1.175384502456555
1.290923691862814,2.926991126192539
0.6931471805599453,1.4122428637564877
2.5407871081824576,1.8941738940595372
2.7437682837042896,3.4633557495749403
3.438584913733776,1.6434197360342844
1.3609765531356006,1.5037301669479965
1.896719068001039,1.8541016780554274
0.6931471805599453,1.5783800837085769
0.7389607845505681,0.9597142508174212
1.3862943611198906,1.3461098444396524
0.6931471805599453,1.6633836483334705
1.8306748854777288,2.0219372054642535
0.6931471805599453,1.1151008475351873
0.945461109173935,1.630994290639011
0.7862818700211306,1.3188802803925777
1.2770950691548986,1.4100456750305843
1.0986122886681098,1.6733685975684043
1.9801169044568496,2.212815626452983
4.61512051684126,1.2479878668814348
4.002038665915497,2.0803951091275192
3.1812538330786166,2.0586608546921488
3.5578211912575233,2.1371163588860718
1.3253856080328985,1.786341627496225
1.9460184093130788,2.3167930280321882
3.2009381241815333,2.088441398830125
3.838951596558935,2.926991126192539
1.399539587869911,1.2693464673358845
1.953828408237266,1.3389554887932444
1.0986122886681096,2.028519299503218
2.9855300312745556,3.2279562661933414
0.3483066942682158,2.275201979817897
0.6931471805599453,2.012831268505904
2.5084371471981943,1.7907984694464245
1.954084514886844,1.9178043540863579
3.524888854004705,2.694970515318644
0.6931471805599453,1.2075847206480521
2.47397757925581,1.8193426071113898
0.3932203045739994,1.3340455808980338
0.7731898882334817,2.1034974227948284
0.6931471805599453,1.302467009386115
0.6931471805599453,1.1292272972192487
3.6556408126382025,3.3316825384120103
2.181224235989778,2.197346875138065
0.8873031950009028,1.5008032034189025
1.712941191186689,1.8541016780554274
0.9606265456942068,1.3771694928379867
2.0802374032419397,1.9362058007775484
1.0402767116551463,1.2584907107106102
0.6931471805599453,3.396203648970019
1.3204477953223042,1.5110138912625248
0.6931471805599453,1.0126520540991732
0.9795784711100736,1.6330991705120526
1.196250758232026,1.7615495338919844
